=== pr-gate [mode=enforcing] ===
--- fmt ---
--- ledger validator tests ---
   Compiling proc-macro2 v1.0.106
   Compiling quote v1.0.45
   Compiling serde_core v1.0.228
   Compiling serde v1.0.228
   Compiling memchr v2.8.2
   Compiling syn v2.0.117
   Compiling serde_json v1.0.150
   Compiling serde_derive v1.0.228
   Compiling pqueue-release v0.14.0 (/home/erik/.cache/ddx/exec-wt/.execute-bead-wt-pqueue-60472d3f-20260715T043214-936c36b0/crates/pqueue-release)
    Finished `test` profile [unoptimized + debuginfo] target(s) in 7.89s
     Running unittests src/lib.rs (target/debug/deps/pqueue_release-c9b3f6f074425f0b)

running 11 tests
test cost::tests::command_throughput_folds_measured_e0_rates ... ok
test cost::tests::crossover_when_put_price_cranked ... ok
test cost::tests::cost_row_is_smoke_tier_and_traceable ... ok
test cost::tests::iops_floor_and_segment_fill_drive_the_crossover ... ok
test cost::tests::real_e3_counts_objectlog_below_postgres ... ok
test cost::tests::win_survives_equal_node_pricing ... ok
test tests::ledger_path_honors_env_override_and_default ... ok
test tests::missing_evidence_reports_the_gap ... ok
test tests::row_round_trips_jsonl ... ok
test tests::strict_rejects_failed_and_untraceable_rows ... ok
test tests::smoke_tier_evidence_does_not_count_toward_the_headline ... ok

test result: ok. 11 passed; 0 failed; 0 ignored; 0 measured; 0 filtered out; finished in 0.00s

     Running unittests src/bin/pqueue-cost-model.rs (target/debug/deps/pqueue_cost_model-56f649df54e9aecb)

running 0 tests

test result: ok. 0 passed; 0 failed; 0 ignored; 0 measured; 0 filtered out; finished in 0.00s

     Running unittests src/bin/pqueue-verify-ledger.rs (target/debug/deps/pqueue_verify_ledger-ceb20f2882fa5ff0)

running 0 tests

test result: ok. 0 passed; 0 failed; 0 ignored; 0 measured; 0 filtered out; finished in 0.00s

     Running tests/ledger_tests.rs (target/debug/deps/ledger_tests-d98b1b1807eba904)

running 5 tests
test empty_ledger_fails_strict ... ok
test missing_file_is_an_error ... ok
test malformed_line_is_rejected ... ok
test appended_rows_validate_and_evidence_is_asserted ... ok
test strict_validation_fails_a_failed_run_row ... ok

test result: ok. 5 passed; 0 failed; 0 ignored; 0 measured; 0 filtered out; finished in 0.00s

     Running tests/td008_evidence.rs (target/debug/deps/td008_evidence-a4aac97c897ba20c)

running 3 tests
test td008_evidence_ledger_rejects_static_attestation ... ok
test td008_evidence_bundle_recorded ... ok
test td008_observed_evidence_row_matches_run ... ok

test result: ok. 3 passed; 0 failed; 0 ignored; 0 measured; 0 filtered out; finished in 20.79s

   Doc-tests pqueue_release

running 0 tests

test result: ok. 0 passed; 0 failed; 0 ignored; 0 measured; 0 filtered out; finished in 0.00s

--- coverage threshold parser fixtures ---
pqueue-core: lines 92.00% (92/100)
pqueue-core: branches 86.00% (86/100)
pqueue-engine: lines 81.00% (81/100)
--- product workflow suite names ---
product workflow suite names verified
--- nightly gate (wraps release gate) ---
=== pqueue release gate (SMOKE lane) ===
    RELEASE-tier E0-E3 headline is DEFERRED to live runs (NOT proven here):
      E0/E1 perf-env throughput+latency -> pqueue-d3371502
      E2    multi-node scale-out        -> pqueue-f1d107de
      E3    S3 object-log cost/recovery -> pqueue-2f9ebac3
    This gate validates the SMOKE lane only; it never claims release-tier green.
--- fmt ---
--- clippy ---
   Compiling proc-macro2 v1.0.106
   Compiling quote v1.0.45
   Compiling unicode-ident v1.0.24
   Compiling serde_core v1.0.228
   Compiling serde v1.0.228
   Compiling version_check v0.9.5
   Compiling zerocopy v0.8.52
   Compiling zmij v1.0.21
   Compiling autocfg v1.5.1
   Compiling icu_properties_data v2.2.0
   Compiling icu_normalizer_data v2.2.0
   Compiling ref-cast v1.0.25
   Compiling ahash v0.8.12
   Compiling generic-array v0.14.7
   Compiling num-traits v0.2.19
    Checking block-buffer v0.10.4
    Checking crypto-common v0.1.7
   Compiling syn v2.0.117
    Checking digest v0.10.7
    Checking pbkdf2 v0.12.2
    Checking hmac v0.12.1
    Checking sha2 v0.10.9
    Checking num-integer v0.1.46
    Checking num-complex v0.4.6
    Checking chrono v0.4.45
    Checking num-bigint v0.4.6
    Checking num-iter v0.1.45
    Checking serde_json v1.0.150
    Checking num-rational v0.4.2
    Checking num v0.4.3
    Checking fraction v0.15.4
    Checking ppv-lite86 v0.2.21
    Checking rand_chacha v0.9.0
    Checking rand_chacha v0.3.1
    Checking rand v0.8.6
    Checking rand v0.9.4
   Compiling synstructure v0.13.2
    Checking metrics-util v0.20.4
    Checking proptest v1.11.0
   Compiling serde_derive v1.0.228
   Compiling zerofrom-derive v0.1.7
   Compiling yoke-derive v0.8.2
   Compiling zerovec-derive v0.11.3
   Compiling displaydoc v0.2.6
   Compiling ref-cast-impl v1.0.25
   Compiling tokio-macros v2.7.0
   Compiling futures-macro v0.3.32
   Compiling thiserror-impl v2.0.18
   Compiling async-trait v0.1.89
   Compiling tracing-attributes v0.1.31
   Compiling clap_derive v4.6.1
   Compiling thiserror-impl v1.0.69
    Checking futures-util v0.3.32
    Checking thiserror v1.0.69
    Checking zerofrom v0.1.8
    Checking yoke v0.8.3
    Checking tracing v0.1.44
    Checking thiserror v2.0.18
    Checking cobs v0.3.0
    Checking zerovec v0.11.6
    Checking zerotrie v0.2.4
    Checking tracing-subscriber v0.3.23
    Checking clap v4.6.1
    Checking tinystr v0.8.3
    Checking potential_utf v0.1.5
    Checking icu_collections v2.2.0
    Checking icu_locale_core v2.2.0
    Checking icu_provider v2.2.0
    Checking bytes v1.11.1
    Checking fluent-uri v0.3.2
    Checking email_address v0.2.9
    Checking postcard v1.1.3
    Checking pqueue-release v0.14.0 (/home/erik/.cache/ddx/exec-wt/.execute-bead-wt-pqueue-60472d3f-20260715T043214-936c36b0/crates/pqueue-release)
    Checking rsasl v2.3.1
    Checking icu_properties v2.2.0
    Checking icu_normalizer v2.2.0
    Checking hashbrown v0.14.5
    Checking pqueue-loadgen v0.14.0 (/home/erik/.cache/ddx/exec-wt/.execute-bead-wt-pqueue-60472d3f-20260715T043214-936c36b0/crates/pqueue-loadgen)
    Checking futures-executor v0.3.32
    Checking referencing v0.28.3
    Checking futures v0.3.32
    Checking tokio v1.52.3
    Checking postgres-protocol v0.6.12
    Checking http v1.4.2
    Checking heimq-broker v0.1.0 (https://github.com/easel/heimq?tag=v0.1.2#dcbbff1b)
    Checking heimq-protocol v0.15.1 (https://github.com/easel/heimq?tag=v0.1.2#dcbbff1b)
    Checking fjord-broker v0.1.3 (https://github.com/7thsense/fjord.git?tag=v0.1.3#4a1d5629)
    Checking hashlink v0.9.1
    Checking dashmap v6.2.1
    Checking postgres-types v0.2.14
    Checking rusqlite v0.32.1
    Checking idna_adapter v1.2.2
    Checking idna v1.1.0
    Checking http-body v1.0.1
    Checking http-body-util v0.1.3
    Checking jsonschema v0.28.3
    Checking url v2.5.8
    Checking axon-esf v0.3.2 (https://github.com/DocumentDrivenDX/axon?tag=v0.3.2#64d2bf60)
    Checking pqueue-core v0.14.0 (/home/erik/.cache/ddx/exec-wt/.execute-bead-wt-pqueue-60472d3f-20260715T043214-936c36b0/crates/pqueue-core)
    Checking pqueue-engine v0.14.0 (/home/erik/.cache/ddx/exec-wt/.execute-bead-wt-pqueue-60472d3f-20260715T043214-936c36b0/crates/pqueue-engine)
    Checking tokio-util v0.7.18
    Checking tokio-rustls v0.26.4
    Checking heimq-wire v0.1.0 (https://github.com/easel/heimq?tag=v0.1.2#dcbbff1b)
    Checking rskafka v0.6.0
    Checking pqueue-projection v0.14.0 (/home/erik/.cache/ddx/exec-wt/.execute-bead-wt-pqueue-60472d3f-20260715T043214-936c36b0/crates/pqueue-projection)
    Checking pqueue-conformance v0.14.0 (/home/erik/.cache/ddx/exec-wt/.execute-bead-wt-pqueue-60472d3f-20260715T043214-936c36b0/crates/pqueue-conformance)
    Checking tokio-postgres v0.7.18
    Checking h2 v0.4.15
    Checking combine v4.6.7
    Checking pqueue-resp v0.14.0 (/home/erik/.cache/ddx/exec-wt/.execute-bead-wt-pqueue-60472d3f-20260715T043214-936c36b0/crates/pqueue-resp)
    Checking pqueue-sqlite v0.14.0 (/home/erik/.cache/ddx/exec-wt/.execute-bead-wt-pqueue-60472d3f-20260715T043214-936c36b0/crates/pqueue-sqlite)
    Checking pqueue-memory v0.14.0 (/home/erik/.cache/ddx/exec-wt/.execute-bead-wt-pqueue-60472d3f-20260715T043214-936c36b0/crates/pqueue-memory)
    Checking pqueue-objectlog v0.14.0 (/home/erik/.cache/ddx/exec-wt/.execute-bead-wt-pqueue-60472d3f-20260715T043214-936c36b0/crates/pqueue-objectlog)
    Checking pqueue v0.14.0 (/home/erik/.cache/ddx/exec-wt/.execute-bead-wt-pqueue-60472d3f-20260715T043214-936c36b0/crates/pqueue)
    Checking postgres v0.19.14
    Checking pqueue-postgres v0.14.0 (/home/erik/.cache/ddx/exec-wt/.execute-bead-wt-pqueue-60472d3f-20260715T043214-936c36b0/crates/pqueue-postgres)
    Checking hyper v1.10.1
    Checking hyper-util v0.1.20
    Checking redis v1.2.4
    Checking hyper-rustls v0.27.9
    Checking metrics-exporter-prometheus v0.18.3
    Checking heimq v0.1.0 (https://github.com/easel/heimq?tag=v0.1.2#dcbbff1b)
    Checking pqueue-server v0.14.0 (/home/erik/.cache/ddx/exec-wt/.execute-bead-wt-pqueue-60472d3f-20260715T043214-936c36b0/crates/pqueue-server)
    Finished `dev` profile [unoptimized + debuginfo] target(s) in 29.52s
--- clean ledger dir: /home/erik/.cache/fleet-tmp/pqueue-ledger.1DtQ6C ---
--- workspace tests (emits product_validation + E3 smoke rows) ---
   Compiling cfg-if v1.0.4
   Compiling smallvec v1.15.2
   Compiling once_cell v1.21.4
   Compiling itoa v1.0.18
   Compiling stable_deref_trait v1.2.1
   Compiling base64 v0.22.1
   Compiling writeable v0.6.3
   Compiling litemap v0.8.2
   Compiling utf8_iter v1.0.4
   Compiling regex-syntax v0.8.11
   Compiling percent-encoding v2.3.2
   Compiling lazy_static v1.5.0
   Compiling typenum v1.20.1
   Compiling bit-vec v0.8.0
   Compiling uuid v1.23.4
   Compiling borrow-or-share v0.2.4
   Compiling vsimd v0.8.0
   Compiling serde_core v1.0.228
   Compiling zerocopy v0.8.52
   Compiling zmij v1.0.21
   Compiling icu_properties_data v2.2.0
   Compiling icu_normalizer_data v2.2.0
   Compiling outref v0.5.2
   Compiling num-cmp v0.1.0
   Compiling bytecount v0.6.9
   Compiling getrandom v0.3.4
   Compiling num-traits v0.2.19
   Compiling jobserver v0.1.35
   Compiling cpufeatures v0.3.0
   Compiling ref-cast v1.0.25
   Compiling const-oid v0.10.2
   Compiling zerofrom v0.1.8
   Compiling bitflags v2.13.0
   Compiling errno v0.3.14
   Compiling rustc-hash v2.1.2
   Compiling slab v0.4.12
   Compiling thiserror v2.0.18
   Compiling getrandom v0.4.2
   Compiling log v0.4.32
   Compiling chacha20 v0.10.0
   Compiling fnv v1.0.7
   Compiling parking_lot_core v0.9.12
   Compiling cobs v0.3.0
   Compiling yoke v0.8.3
   Compiling signal-hook-registry v1.4.8
   Compiling crossbeam-utils v0.8.21
   Compiling rand_core v0.9.5
   Compiling tracing-core v0.1.36
   Compiling subtle v2.6.1
   Compiling bit-set v0.8.0
   Compiling zeroize v1.9.0
   Compiling hashbrown v0.17.1
   Compiling equivalent v1.0.2
   Compiling atomic-waker v1.1.2
   Compiling futures-util v0.3.32
   Compiling cc v1.2.64
   Compiling try-lock v0.2.5
   Compiling simd-adler32 v0.3.9
   Compiling untrusted v0.9.0
   Compiling adler2 v2.0.1
   Compiling crc32c v0.6.8
   Compiling rand v0.10.1
   Compiling parking_lot v0.12.5
   Compiling want v0.3.1
   Compiling crc32fast v1.5.0
   Compiling httparse v1.10.1
   Compiling zerovec v0.11.6
   Compiling zerotrie v0.2.4
   Compiling rustls-pki-types v1.15.0
   Compiling httpdate v1.0.3
   Compiling utf8parse v0.2.2
   Compiling linux-raw-sys v0.12.1
   Compiling parking v2.2.1
   Compiling rapidhash v4.5.1
   Compiling snap v1.1.1
   Compiling raw-cpuid v11.6.0
   Compiling miniz_oxide v0.8.9
   Compiling fastrand v2.4.1
   Compiling uuid-simd v0.8.0
   Compiling anstyle-parse v1.0.0
   Compiling tower-service v0.3.3
   Compiling openssl-probe v0.2.1
   Compiling foldhash v0.2.0
   Compiling is_terminal_polyfill v1.70.2
   Compiling anstyle-query v1.1.5
   Compiling anstyle v1.0.14
   Compiling colorchoice v1.0.5
   Compiling rand_xoshiro v0.7.0
   Compiling form_urlencoded v1.2.2
   Compiling getrandom v0.2.17
   Compiling wait-timeout v0.2.1
   Compiling hashbrown v0.16.1
   Compiling tracing v0.1.44
   Compiling crossbeam-epoch v0.9.20
   Compiling concurrent-queue v2.5.0
   Compiling left-right v0.11.7
   Compiling crc-catalog v2.5.0
   Compiling metrics v0.24.6
   Compiling anstream v1.0.0
   Compiling quick-error v1.2.3
   Compiling rustls-native-certs v0.8.4
   Compiling sketches-ddsketch v0.3.1
   Compiling clap_lex v1.1.0
   Compiling hashbag v0.1.13
   Compiling rustix v1.1.4
   Compiling iana-time-zone v0.1.65
   Compiling strsim v0.11.1
   Compiling crc v3.4.0
   Compiling event-listener v5.4.1
   Compiling rand_core v0.6.4
   Compiling indexmap v2.14.0
   Compiling crossbeam-channel v0.5.16
   Compiling crossbeam-queue v0.3.13
   Compiling tracing-log v0.2.0
   Compiling num-integer v0.1.46
   Compiling num-complex v0.4.6
   Compiling flate2 v1.1.9
   Compiling chrono v0.4.45
   Compiling crossbeam-deque v0.8.7
   Compiling tinystr v0.8.3
   Compiling potential_utf v0.1.5
   Compiling hybrid-array v0.4.12
   Compiling generic-array v0.14.7
   Compiling clap_builder v4.6.0
   Compiling evmap v11.0.0
   Compiling anyhow v1.0.102
   Compiling event-listener-strategy v0.5.4
   Compiling crc16 v0.4.0
   Compiling rand_xorshift v0.4.0
   Compiling icu_collections v2.2.0
   Compiling sharded-slab v0.1.7
   Compiling thread_local v1.1.9
   Compiling icu_locale_core v2.2.0
   Compiling unarray v0.1.4
   Compiling ryu v1.0.23
   Compiling num-bigint v0.4.6
   Compiling num-iter v0.1.45
   Compiling cmake v0.1.58
   Compiling async-lock v3.4.2
   Compiling arcstr v1.2.0
   Compiling nu-ansi-term v0.50.3
   Compiling sha1_smol v1.0.1
   Compiling xxhash-rust v0.8.15
   Compiling ipnet v2.12.0
   Compiling crossbeam v0.8.4
   Compiling memmap2 v0.9.11
   Compiling cpufeatures v0.2.17
   Compiling thiserror v1.0.69
   Compiling integer-encoding v4.1.0
   Compiling libsqlite3-sys v0.30.1
   Compiling aws-lc-sys v0.42.0
   Compiling zstd-sys v2.0.16+zstd.1.5.7
   Compiling lz4-sys v1.11.1+lz4-1.10.0
   Compiling block-buffer v0.12.1
   Compiling crypto-common v0.2.2
   Compiling crypto-common v0.1.7
   Compiling block-buffer v0.10.4
   Compiling digest v0.10.7
   Compiling regex-automata v0.4.14
   Compiling hmac v0.12.1
   Compiling pbkdf2 v0.12.2
   Compiling sha2 v0.10.9
   Compiling icu_provider v2.2.0
   Compiling icu_normalizer v2.2.0
   Compiling icu_properties v2.2.0
   Compiling digest v0.11.3
   Compiling num-rational v0.4.2
   Compiling sha2 v0.11.0
   Compiling md-5 v0.11.0
   Compiling hmac v0.13.0
   Compiling quanta v0.12.6
   Compiling serde v1.0.228
   Compiling serde_json v1.0.150
   Compiling tempfile v3.27.0
   Compiling num v0.4.3
   Compiling fraction v0.15.4
   Compiling rusty-fork v0.3.1
   Compiling futures-executor v0.3.32
   Compiling clap v4.6.1
   Compiling bytes v1.11.1
   Compiling fluent-uri v0.3.2
   Compiling email_address v0.2.9
   Compiling postcard v1.1.3
   Compiling futures v0.3.32
   Compiling pqueue-release v0.14.0 (/home/erik/.cache/ddx/exec-wt/.execute-bead-wt-pqueue-60472d3f-20260715T043214-936c36b0/crates/pqueue-release)
   Compiling idna_adapter v1.2.2
   Compiling idna v1.1.0
   Compiling tokio v1.52.3
   Compiling postgres-protocol v0.6.12
   Compiling http v1.4.2
   Compiling url v2.5.8
   Compiling ahash v0.8.12
   Compiling ppv-lite86 v0.2.21
   Compiling postgres-types v0.2.14
   Compiling pqueue-loadgen v0.14.0 (/home/erik/.cache/ddx/exec-wt/.execute-bead-wt-pqueue-60472d3f-20260715T043214-936c36b0/crates/pqueue-loadgen)
   Compiling referencing v0.28.3
   Compiling hashbrown v0.14.5
   Compiling zstd-safe v7.2.4
   Compiling rand_chacha v0.9.0
   Compiling rand_chacha v0.3.1
   Compiling http-body v1.0.1
   Compiling zstd v0.13.3
   Compiling http-body-util v0.1.3
   Compiling rand v0.9.4
   Compiling rand v0.8.6
   Compiling fancy-regex v0.14.0
   Compiling matchers v0.2.0
   Compiling tracing-subscriber v0.3.23
   Compiling hashlink v0.9.1
   Compiling dashmap v6.2.1
   Compiling metrics-util v0.20.4
   Compiling proptest v1.11.0
   Compiling rsasl v2.3.1
   Compiling jsonschema v0.28.3
   Compiling lz4 v1.28.1
   Compiling heimq-broker v0.1.0 (https://github.com/easel/heimq?tag=v0.1.2#dcbbff1b)
   Compiling heimq-protocol v0.15.1 (https://github.com/easel/heimq?tag=v0.1.2#dcbbff1b)
   Compiling fjord-broker v0.1.3 (https://github.com/7thsense/fjord.git?tag=v0.1.3#4a1d5629)
   Compiling axon-esf v0.3.2 (https://github.com/DocumentDrivenDX/axon?tag=v0.3.2#64d2bf60)
   Compiling rusqlite v0.32.1
   Compiling pqueue-core v0.14.0 (/home/erik/.cache/ddx/exec-wt/.execute-bead-wt-pqueue-60472d3f-20260715T043214-936c36b0/crates/pqueue-core)
   Compiling tokio-util v0.7.18
   Compiling heimq-wire v0.1.0 (https://github.com/easel/heimq?tag=v0.1.2#dcbbff1b)
   Compiling rskafka v0.6.0
   Compiling pqueue-engine v0.14.0 (/home/erik/.cache/ddx/exec-wt/.execute-bead-wt-pqueue-60472d3f-20260715T043214-936c36b0/crates/pqueue-engine)
   Compiling tokio-postgres v0.7.18
   Compiling h2 v0.4.15
   Compiling combine v4.6.7
   Compiling aws-lc-rs v1.17.1
   Compiling rustls v0.23.41
   Compiling postgres v0.19.14
   Compiling pqueue-projection v0.14.0 (/home/erik/.cache/ddx/exec-wt/.execute-bead-wt-pqueue-60472d3f-20260715T043214-936c36b0/crates/pqueue-projection)
   Compiling pqueue-conformance v0.14.0 (/home/erik/.cache/ddx/exec-wt/.execute-bead-wt-pqueue-60472d3f-20260715T043214-936c36b0/crates/pqueue-conformance)
   Compiling pqueue-resp v0.14.0 (/home/erik/.cache/ddx/exec-wt/.execute-bead-wt-pqueue-60472d3f-20260715T043214-936c36b0/crates/pqueue-resp)
   Compiling hyper v1.10.1
   Compiling pqueue-sqlite v0.14.0 (/home/erik/.cache/ddx/exec-wt/.execute-bead-wt-pqueue-60472d3f-20260715T043214-936c36b0/crates/pqueue-sqlite)
   Compiling pqueue-memory v0.14.0 (/home/erik/.cache/ddx/exec-wt/.execute-bead-wt-pqueue-60472d3f-20260715T043214-936c36b0/crates/pqueue-memory)
   Compiling pqueue-objectlog v0.14.0 (/home/erik/.cache/ddx/exec-wt/.execute-bead-wt-pqueue-60472d3f-20260715T043214-936c36b0/crates/pqueue-objectlog)
   Compiling pqueue-postgres v0.14.0 (/home/erik/.cache/ddx/exec-wt/.execute-bead-wt-pqueue-60472d3f-20260715T043214-936c36b0/crates/pqueue-postgres)
   Compiling rustls-webpki v0.103.13
   Compiling hyper-util v0.1.20
   Compiling redis v1.2.4
   Compiling pqueue v0.14.0 (/home/erik/.cache/ddx/exec-wt/.execute-bead-wt-pqueue-60472d3f-20260715T043214-936c36b0/crates/pqueue)
   Compiling tokio-rustls v0.26.4
   Compiling hyper-rustls v0.27.9
   Compiling metrics-exporter-prometheus v0.18.3
   Compiling heimq v0.1.0 (https://github.com/easel/heimq?tag=v0.1.2#dcbbff1b)
   Compiling pqueue-server v0.14.0 (/home/erik/.cache/ddx/exec-wt/.execute-bead-wt-pqueue-60472d3f-20260715T043214-936c36b0/crates/pqueue-server)
    Finished `test` profile [unoptimized + debuginfo] target(s) in 1m 12s
     Running unittests src/lib.rs (target/debug/deps/pqueue-3579b26826de9375)

running 0 tests

test result: ok. 0 passed; 0 failed; 0 ignored; 0 measured; 0 filtered out; finished in 0.00s

     Running tests/coordination.rs (target/debug/deps/coordination-7b1b8b834d82d7c7)

running 4 tests
test coordinated_owner_acquires_and_operates ... ok
test ownership_value_form ... ok
test superseded_owner_is_fenced_on_data_path ... ok
test draining_owner_refuses_new_claim_but_serves_in_flight ... ok

test result: ok. 4 passed; 0 failed; 0 ignored; 0 measured; 0 filtered out; finished in 0.00s

     Running tests/encapsulation.rs (target/debug/deps/encapsulation-58cd4dede67a0a6c)

running 4 tests
test facade_exports_queue_definition_construction_surface ... ok
test open_memory_builds_a_usable_pqueue ... ok
test public_surface_exposes_no_port_or_backend ... ok
test open_sqlite_builds_a_usable_pqueue ... ok

test result: ok. 4 passed; 0 failed; 0 ignored; 0 measured; 0 filtered out; finished in 0.00s

     Running tests/facade.rs (target/debug/deps/facade-23365685ab8c520a)

running 22 tests
test ack_of_non_leased_id_is_a_structured_error ... ok
test fail_dead_letters_a_claimed_item ... ok
test claim_at_resolves_eligibility_at_an_explicit_epoch_over_memory ... ok
test api001_reservation_policy_is_recorded_or_enforced ... ok
test legacy_bytes_items_push_claim_roundtrip ... ok
test claimed_renders_only_leased_items ... ok
test claimed_item_exposes_api001_shape_over_facade ... ok
test purge_force_removes_a_leased_item_and_gates_without_force ... ok
test push_claim_ack_nack_lifecycle_over_memory ... ok
test reassign_transfers_and_charges_one_delivery ... ok
test reclaim_expired_recovers_leased_over_memory ... ok
test rearm_resets_attempt_and_requeues_the_item ... ok
test renew_extends_lease_without_charging_a_delivery ... ok
test request_id_push_is_idempotent_on_memory_backend ... ok
test two_handles_on_one_backend_do_not_collide_ids ... ok
test update_fields_rejects_terminal_over_memory ... ok
test typed_json_payload_round_trips_push_claim_and_commit_lifecycle ... ok
test update_fields_merges_versions_and_cas_over_memory ... ok
test upsert_dedups_on_client_item_key_over_memory ... ok
test objectlog_push_works_but_upsert_is_unavailable ... ok
test update_fields_unavailable_over_objectlog ... ok
test request_id_push_replays_over_sqlite_relational_facade ... ok

test result: ok. 22 passed; 0 failed; 0 ignored; 0 measured; 0 filtered out; finished in 1.39s

     Running tests/hot_projection_queries.rs (target/debug/deps/hot_projection_queries-6c4972dc989e3f31)

running 10 tests
test hot_projection_fixture_seeds_six_claimable_records_and_resolves_target_key_lookup ... ok
test ordered_cursor_pagination_is_stable ... ok
test recycling_preview_by_hour ... ok
test bounded_mutation_rejects_claimed_records_without_losing_the_claim ... ok
test safe_recycling_rule_update_marks_only_act_001 ... ok
test backend_capability_advertising_is_explicit ... ok
test engagement_probability_segments ... ok
test detail_range_filter_by_run_status_and_schedule ... ok
test hourly_distribution_by_status ... ok
test claim_due_scheduled_actions_by_query ... ok

test result: ok. 10 passed; 0 failed; 0 ignored; 0 measured; 0 filtered out; finished in 0.78s

     Running tests/postgres_constructors.rs (target/debug/deps/postgres_constructors-336091ea7c70d9c2)

running 0 tests

test result: ok. 0 passed; 0 failed; 0 ignored; 0 measured; 0 filtered out; finished in 0.00s

     Running tests/product_validation_tests.rs (target/debug/deps/product_validation_tests-056854d17003aeee)

running 8 tests
test jobs_connectors_recurring_e2e ... ok
test downstream_pacing_non_goal_e2e ... ok
test callback_cohort_e2e ... ok
test generic_priority_bounded_relaxed_e2e ... ok
test worker_crash_recovery_e2e ... ok
test marketo_group_batching_e2e ... ok
test noisy_neighbor_scale_e2e ... ok
test scheduled_action_delivery_e2e ... ok

test result: ok. 8 passed; 0 failed; 0 ignored; 0 measured; 0 filtered out; finished in 2.03s

     Running tests/request_id_idempotency.rs (target/debug/deps/request_id_idempotency-97ec8f700c067d0a)

running 4 tests
test same_request_id_same_body_replays_without_a_second_append ... ok
test same_request_id_different_body_conflicts ... ok
test retry_after_retention_window_is_a_fresh_push ... ok
test distinct_request_ids_each_append ... ok

test result: ok. 4 passed; 0 failed; 0 ignored; 0 measured; 0 filtered out; finished in 0.00s

     Running tests/schema_validation.rs (target/debug/deps/schema_validation-76f871e21ac485f1)

running 11 tests
test schema_validation_schemaless_queue_accepts_any_entity ... ok
test schema_validation_push_no_entity_on_typed_queue_accepted ... ok
test schema_validation_push_valid_entity_accepted ... ok
test schema_validation_push_invalid_entity_rejected ... ok
test schema_validation_invalid_push_does_not_consume_item_counter ... ok
test schema_validation_update_fields_invalid_entity_rejected ... ok
test schema_validation_upsert_invalid_entity_rejected ... ok
test schema_validation_invalid_push_with_request_id_does_not_consume_item_counter ... ok
test schema_validation_push_with_request_id_no_idempotency_entry_on_failure ... ok
test schema_validation_invalid_commit_lifecycle_item_does_not_consume_item_counter ... ok
test schema_validation_update_fields_valid_entity_accepted ... ok

test result: ok. 11 passed; 0 failed; 0 ignored; 0 measured; 0 filtered out; finished in 0.04s

     Running tests/secondary_indexes.rs (target/debug/deps/secondary_indexes-3297d33469c6bd17)

running 13 tests
test secondary_indexes_raw_bytes_invalid_for_typed_index_are_rejected ... ok
test secondary_indexes_legacy_index_is_byte_exact_for_invalid_utf8 ... ok
test secondary_indexes_purge_removes_the_index_entry ... ok
test secondary_indexes_missing_fields_remain_sparse ... ok
test secondary_indexes_typed_integer_boolean_datetime_and_compound_semantics_work ... ok
test secondary_indexes_string_typed_field_with_numeric_looking_value_is_queryable ... ok
test secondary_indexes_unique_conflicts_are_atomic_for_push_update_and_replace ... ok
test secondary_indexes_typed_value_query_and_name_based_resolution ... ok
test secondary_indexes_update_fields_none_entity_preserves_typed_index ... ok
test secondary_indexes_upsert_insert_typed_unique_conflict_is_rejected ... ok
test secondary_indexes_update_fields_and_replace_move_the_indexed_entry ... ok
test secondary_indexes_sqlite_log_replay_upsert_insert_and_update_typed_unique_conflict ... ok
test secondary_indexes_typed_query_relational_error_precedence_is_explicit ... ok

test result: ok. 13 passed; 0 failed; 0 ignored; 0 measured; 0 filtered out; finished in 0.00s

     Running tests/vectorized_commit.rs (target/debug/deps/vectorized_commit-9203572ae55aeedb)

running 7 tests
test commit_validates_writes_side_records_enqueues_lifecycle_and_finalizes ... ok
test explain_commit_reconstructs_the_transition_and_side_records_are_non_work ... ok
test commit_rejects_bad_lease_token_and_bad_version_without_writing ... ok
test commit_advances_validates_and_rejects_instance_fence ... ok
test commit_request_id_replays_conflicts_and_expires ... ok
test commit_is_unavailable_on_a_non_atomic_backend ... ok
test capabilities_advertise_atomic_commit_on_memory_and_reject_objectlog ... ok

test result: ok. 7 passed; 0 failed; 0 ignored; 0 measured; 0 filtered out; finished in 0.00s

     Running unittests src/lib.rs (target/debug/deps/pqueue_conformance-01f747bfd3ca631a)

running 14 tests
test fault::evidence_jsonl_tests::extracts_recorded_at_stamp ... ok
test fault::evidence_jsonl_tests::rejects_missing_or_unterminated_recorded_at_stamp ... ok
test capability_gate_tests::test_composed_atomic_update_fields_executes ... ok
test capability_gate_tests::test_capability_gate_uses_atomic_probe ... ok
test storage_conformance::storage_conformance_no_schema_accepts_anything ... ok
test storage_conformance::storage_conformance_schema_compile_error_on_invalid_schema ... ok
test storage_conformance::storage_conformance_entity_schema_error_has_resp_token ... ok
test storage_conformance::storage_conformance_entity_schema_rejects_missing_required ... ok
test storage_conformance::storage_conformance_entity_schema_accepts_valid_document ... ok
test scenarios::commit_transition_scenario_tests::sqlite_relational_commit_transition_rejects_bad_token ... ok
test scenarios::commit_transition_scenario_tests::sqlite_relational_commit_transition_writes_and_recovers ... ok
test scenarios::commit_transition_scenario_tests::sqlite_relational_commit_transition_request_id_replays ... ok
test scenarios::commit_transition_scenario_tests::sqlite_relational_commit_transition_rejects_bad_version ... ok
test scenarios::commit_transition_scenario_tests::sqlite_relational_commit_transition_explain_commit_recovers ... ok

test result: ok. 14 passed; 0 failed; 0 ignored; 0 measured; 0 filtered out; finished in 0.31s

     Running tests/claim_eligibility_time.rs (target/debug/deps/claim_eligibility_time-907ad56a2db6097f)

running 3 tests
test claim_with_explicit_eligibility_time_memory ... ok
test claim_with_explicit_eligibility_time_sqlite_relational ... ok
test claim_with_explicit_eligibility_time_composed_sqlite_relational ... ok

test result: ok. 3 passed; 0 failed; 0 ignored; 0 measured; 0 filtered out; finished in 0.03s

     Running tests/engine_retention_floor_source_pin_conformance.rs (target/debug/deps/engine_retention_floor_source_pin_conformance-6b964766208d3093)

running 4 tests
test TestConformanceEngineLiveSourcePinSurvivesReopen ... ok
test TestConformanceEnginePinReleaseFailClosed ... ok
test TestConformanceEnginePinnedBelowFloorDataReadable ... ok
test TestConformanceRetentionFloorSourcePinEngineInvariant ... ok

test result: ok. 4 passed; 0 failed; 0 ignored; 0 measured; 0 filtered out; finished in 0.93s

     Running tests/external_transaction_contract_matrix_tests.rs (target/debug/deps/external_transaction_contract_matrix_tests-8c361cce3e0b9023)

running 25 tests
test ac_txn_contract_matrix_postgres ... ok
test ac_txn_4_during_projection_apply_crash ... ok
test ac_txn_4_after_apply_before_response_crash ... ok
test ac_txn_4_objectlog_crash_point_matrix ... ok
test ac_txn_5a_debt_withholds_high_water_and_retention ... ok
test ac_txn_5a_hard_debt_fails_mutating_admission ... ok
test ac_txn_5a_idempotent_replay_admitted_under_debt ... ok
test ac_txn_5a_retention_reap_does_not_resurrect_ids ... ok
test ac_txn_5a_retention_advances_when_debt_clears ... ok
test ac_txn_5_hybrid_strict_poison_replay ... ok
test ac_txn_5_hybrid_strict_poison_on_real_server_path ... ok
test ac_txn_3_mid_pipeline_cut_is_request_id_bearing ... ok
test ac_txn_1_kill_after_set_gates ... ok
test ac_txn_2_capacity_unavailable_path_has_no_durable_effect ... ok
test ac_txn_2_envelope_invalid_batch_has_no_durable_effect ... ok
test ac_txn_1_kill_after_create_queue ... ok
test ac_txn_2_commit_timeout_path_has_no_durable_effect ... ok
test ac_txn_1_kill_after_batch_update ... ok
test ac_txn_1_kill_after_purge_items ... ok
test ac_txn_2_stale_lease_conflict_has_no_durable_effect ... ok
test ac_txn_5a_hybrid_async_success_barrier ... ok
test ac_txn_5_5a_numeric_latency_sweep_invariants_unchanged ... ok
test ac_txn_7_invariants_unchanged_across_latency_sweep ... ok
test ac_txn_3_request_id_replay_all_ops_all_cut_points ... ok
test ac_txn_contract_matrix ... ok

test result: ok. 25 passed; 0 failed; 0 ignored; 0 measured; 0 filtered out; finished in 34.06s

     Running tests/fault_injection_harness_tests.rs (target/debug/deps/fault_injection_harness_tests-4b13e681a949fcff)

running 14 tests
test before_append_is_inert_memory ... ok
test full_commit_is_visible_in_process_memory ... ok
test objectlog_internal_before_segment_write_is_inert ... ok
test before_append_is_inert_objectlog ... ok
test objectlog_internal_after_manifest_before_ack_replays_exactly_once ... ok
test after_append_before_apply_replays_once_objectlog ... ok
test objectlog_internal_snapshot_write_failure_leaves_the_log_intact ... ok
test objectlog_internal_after_segment_write_before_manifest_orphans_the_segment ... ok
test objectlog_internal_owner_reassignment_fence_survives_lost_ack_and_fences_stale_epoch ... ok
test after_append_before_apply_replays_once_objectlog_sqlite ... ok
test lost_response_replays_once_objectlog_sqlite ... ok
test before_append_is_inert_sqlite_log ... ok
test after_append_before_apply_replays_once_sqlite_log ... ok
test lost_response_replays_once_sqlite_log ... ok

test result: ok. 14 passed; 0 failed; 0 ignored; 0 measured; 0 filtered out; finished in 0.76s

     Running tests/objectlog_engine_deleted_manifest_recovery.rs (target/debug/deps/objectlog_engine_deleted_manifest_recovery-8fab665a592941b5)

running 9 tests
test TestDeletedManifestReleaseNoteArtifacts ... ok
test TestDeletedManifestEvidencePrGateAccuracy ... ok
test TestDeletedManifestVerificationEvidence ... ok
test TestDeletedManifestEvidenceSurfaces ... ok
test TestSqliteEnginePqueueC33c367eReleaseNote ... ok
test TestDeletedManifestEvidenceCodexAccuracy ... ok
test TestDeletedManifestEvidenceNoFalseGreen ... ok
test TestEngineObjectlogFloorHeadReplayRecovery ... ok
test TestEngineObjectlogDeletedManifestRecovery ... ok

test result: ok. 9 passed; 0 failed; 0 ignored; 0 measured; 0 filtered out; finished in 0.29s

     Running tests/objectlog_hybrid.rs (target/debug/deps/objectlog_hybrid-214e7a9bd8f6f8c7)

running 37 tests
test epoch_fence_closes_pre_segment_window ... ok
test claim_empty_when_nothing_eligible ... ok
test claimed_item_shape_omits_empty_conditionals ... ok
test claimed_item_shape_includes_payload_fields_and_gate_keys ... ok
test high_water_advances_on_each_commit ... ok
test claim_then_complete_lifecycle ... ok
test fenced_lease_finalize_is_stale ... ok
test claim_returns_priority_ordered_rich_items ... ok
test claimed_view_renders_leased_items ... ok
test claim_compatibility_is_resolved_and_gated ... ok
test claimed_item_shape_reflects_update_fields_after_reclaim ... ok
test finalize_of_nonleased_item_is_rejected_without_appending ... ok
test high_water_is_monotonic ... ok
test request_id_push_replays_once_and_conflicts_on_body_change ... ok
test rejected_mutations_do_not_append_commands ... ok
test paused_queue_yields_no_claims ... ok
test pending_lists_leased_items ... ok
test rejected_finalize_leaves_visible_state_unchanged ... ok
test retry_with_backoff_defers_eligibility ... ok
test structured_live_items_are_ordered_and_only_live ... ok
test retry_beyond_max_attempts_goes_terminal ... ok
test stale_epoch_append_is_fenced ... ok
test peek_is_priority_ordered_and_nondestructive ... ok
test reclaim_expired_sweeps_per_queue ... ok
test snapshots_write_read_latest ... ok
test purge_removes_present_items_and_gates_leased ... ok
test renew_extends_lease_and_rejects ... ok
test reassign_swaps_token_and_charges_attempt ... ok
test push_then_select_eligible_in_priority_order ... ok
test objectlog_hybrid_recovery_hydrates_replays_tail_and_rebuilds_request_id ... ok
test tick_reclaims_expired_lease_with_no_client_traffic ... ok
test successful_push_is_visible_before_response_returns ... ok
test update_fields_is_unavailable ... ok
test upsert_is_unavailable ... ok
test tick_lease_boundary_is_half_open ... ok
test pause_and_fence_reconstruct_from_log ... ok
test claim_with_explicit_eligibility_time ... ok

test result: ok. 37 passed; 0 failed; 0 ignored; 0 measured; 0 filtered out; finished in 1.18s

     Running tests/objectlog_segment_reclamation_tests.rs (target/debug/deps/objectlog_segment_reclamation_tests-906a5f0fcaf13edc)

running 27 tests
test TestHybridAsyncSharedFixtureNoFalseClaim ... ok
test test4_r1_hard_backpressure_replay_start_is_floored_not_genesis ... ok
test test1_segment_reclamation_trims_expired_checkpointed_segments ... ok
test test2_trim_withheld_under_hard_debt ... ok
test TestHybridAsyncBehindImageRetainedFloorHeadReplayRecovery ... ok
test TestHybridStrictBehindImageRetainedFloorHeadReplayRecovery ... ok
test test_bug2b_released_branch_pin_is_reclaimed_on_a_later_tick ... ok
test test3c_commit_transition_is_capability_na_on_eventual_apply_objectlog ... ok
test test3a_request_id_within_retention_is_retained_and_replays_across_trim_restart ... ok
test test1b_raw_append_path_preserves_actxn3_across_trim_within_retention ... ok
test test6_pre_floor_log_recovers_from_genesis_unchanged ... ok
test test3b_request_id_after_retention_is_reclaimed_and_treated_fresh_across_trim_restart ... ok
test test_bug2a_floor_zero_crash_is_finished_on_reopen ... ok
test test5_crash_between_floor_write_and_delete_is_recoverable_and_idempotent ... ok
test test5_crash_mid_delete_is_recoverable_and_idempotent ... ok
test TestHybridStrictBehindImageDeletedManifestFailClosed ... ok
test test_bug3_projection_behind_floor_fails_closed ... ok
test TestHybridAsyncBehindImageDeletedManifestFailClosed ... ok
test TestObjectlogBehindImageRetainedFloorHeadReplayRecovery ... ok
test TestSqliteEngineBehindImageRetainedFloorHeadReplayRecovery ... ok
test test4_recovery_from_floor_matches_no_trim_control_raw_append ... ok
test test4_recovery_from_floor_matches_no_trim_control_group_commit ... ok
test TestSqliteEngineBehindImageDeletedManifestFailClosed ... ok
test TestBehindImageFailClosedWithDeletedManifests ... ok
test test_behind_image_fail_closed_with_deleted_manifests ... ok
test TestObjectlogBehindImageDeletedManifestFailClosed ... ok
test TestObjectlogDeletedManifestSourcePinRetentionFloor ... ok

test result: ok. 27 passed; 0 failed; 0 ignored; 0 measured; 0 filtered out; finished in 1.36s

     Running tests/sqlite_retention_floor_source_pin_conformance.rs (target/debug/deps/sqlite_retention_floor_source_pin_conformance-dcfda1e081c8bb0a)

running 10 tests
test TestSqlitePqueueC33c367eInteractionRecorded ... ok
test TestSqlitePropagationPqueueC33c367eInteractionRecorded ... ok
test TestConformanceSqlitePinAssertionStrength ... ok
test TestSqliteDeletedManifestErrorPreservesGuarantees ... ok
test TestConformanceSqliteLiveSourcePinSurvivesReopen ... ok
test TestSqliteObjectlogFloorHeadReplayRecovery ... ok
test TestConformanceSqlitePinReleaseReclaimsExactBoundary ... ok
test TestSqliteFloorHeadReplayPreservesFailClosedBoundary ... ok
test TestSqliteObjectlogDeletedManifestRecovery ... ok
test TestConformanceRetentionFloorSourcePinSqliteInvariant ... ok

test result: ok. 10 passed; 0 failed; 0 ignored; 0 measured; 0 filtered out; finished in 1.10s

     Running unittests src/lib.rs (target/debug/deps/pqueue_core-03d63fa8b56b4002)

running 27 tests
test domain::coverage_tests::cohort_enabled_valid_definition_carries_policy ... ok
test domain::coverage_tests::cohort_max_size_must_not_exceed_claim_batch ... ok
test domain::coverage_tests::create_queue_error_display ... ok
test domain::coverage_tests::decimal_digit_count_handles_zero_and_multi_digit ... ok
test domain::coverage_tests::decimal_encoding_zero_small_and_large_mantissa ... ok
test domain::coverage_tests::identifier_newtype_conversions_and_serde_round_trip ... ok
test domain::coverage_tests::item_id_serde_round_trip_and_error_branch ... ok
test domain::coverage_tests::max_eligible_group_size_must_not_exceed_claim_batch ... ok
test domain::coverage_tests::max_rank_error_requires_bounded_relaxed ... ok
test domain::coverage_tests::secondary_index_validation_branches ... ok
test domain::coverage_tests::queue_definition_serde_defaults_terminal_retention ... ok
test domain::coverage_tests::transition_error_display ... ok
test domain::coverage_tests::small_helpers_and_constructors ... ok
test domain::coverage_tests::validate_dynamic_gate_key_policy_branches ... ok
test domain::coverage_tests::validate_remaining_error_branches ... ok
test domain::coverage_tests::validate_short_circuit_branch_arms ... ok
test query::core_domain_tests_hot_projection_query_types::bounded_mutation_request_serde_round_trip ... ok
test query::core_domain_tests_hot_projection_query_types::claim_by_query_request_serde_round_trip ... ok
test query::core_domain_tests_hot_projection_query_types::declared_bucket_segment_accepts_canonical_conformance_fixture ... ok
test query::core_domain_tests_hot_projection_query_types::declared_bucket_segment_rejects_missing_null_bucket_label ... ok
test query::core_domain_tests_hot_projection_query_types::declared_bucket_segment_rejects_overlapping_buckets ... ok
test query::core_domain_tests_hot_projection_query_types::declared_bucket_segment_rejects_too_many_buckets ... ok
test query::core_domain_tests_hot_projection_query_types::grouped_aggregate_request_serde_round_trip ... ok
test query::core_domain_tests_hot_projection_query_types::query_capability_flags_default_to_unavailable ... ok
test query::core_domain_tests_hot_projection_query_types::query_capability_flags_reject_partial_paired_capability ... ok
test query::core_domain_tests_hot_projection_query_types::range_scan_request_rejects_zero_and_oversized_page_size ... ok
test query::core_domain_tests_hot_projection_query_types::range_scan_request_serde_round_trip ... ok

test result: ok. 27 passed; 0 failed; 0 ignored; 0 measured; 0 filtered out; finished in 0.00s

     Running tests/command_decode_fuzz.rs (target/debug/deps/command_decode_fuzz-beb12d75dbfb3895)

running 1 test
test command_decode_scaffold_accepts_representative_inputs ... ok

test result: ok. 1 passed; 0 failed; 0 ignored; 0 measured; 0 filtered out; finished in 0.00s

     Running tests/core_domain_tests.rs (target/debug/deps/core_domain_tests-3018a70c63fb6c3e)

running 19 tests
test core_domain_tests_applies_policy_defaults ... ok
test core_domain_tests_conflict_typed_and_secondary_same_name ... ok
test core_domain_tests_create_queue_success_response_preserves_fields ... ok
test core_domain_tests_exercises_result_identifier_variants ... ok
test core_domain_tests_entity_schema_carried_through_validate ... ok
test core_domain_tests_identifier_timestamp_metadata_and_error_helpers ... ok
test core_domain_tests_queue_definition_serde_defaults_entity_schema_and_typed_indexes ... ok
test core_domain_tests_queue_index_serde_round_trip ... ok
test core_domain_tests_rejects_all_invalid_cohort_shapes ... ok
test core_domain_tests_rejects_empty_compound_typed_index ... ok
test core_domain_tests_rejects_completion_bound_above_progress_bound ... ok
test core_domain_tests_rejects_invalid_recurrence_group_and_gate_shapes ... ok
test core_domain_tests_rejects_mutually_exclusive_recurrence_and_cohort_fields ... ok
test core_domain_tests_rejects_scalar_zero_limits ... ok
test core_domain_tests_rejects_timestamp_priority_with_non_created_sequence_tie_breaker ... ok
test core_domain_tests_rejects_typed_index_cap_exceeded ... ok
test core_domain_tests_rejects_typed_index_duplicate_name ... ok
test core_domain_tests_rejects_typed_index_empty_name ... ok
test core_domain_tests_typed_indexes_carried_through_validate ... ok

test result: ok. 19 passed; 0 failed; 0 ignored; 0 measured; 0 filtered out; finished in 0.00s

     Running tests/core_eligibility_precedence_tests.rs (target/debug/deps/core_eligibility_precedence_tests-3315b1501188cce1)

running 19 tests
test core_eligibility_precedence_tests_backoff_beats_metadata_blocker ... ok
test core_eligibility_precedence_tests_backoff_expired_is_eligible ... ok
test core_eligibility_precedence_tests_backoff_active_is_ineligible ... ok
test core_eligibility_precedence_tests_complete_is_ineligible ... ok
test core_eligibility_precedence_tests_blocked_gate_key_is_ineligible ... ok
test core_eligibility_precedence_tests_failed_is_ineligible ... ok
test core_eligibility_precedence_tests_fully_eligible_item ... ok
test core_eligibility_precedence_tests_ineligible_item_has_single_eligibility_home ... ok
test core_eligibility_precedence_tests_leased_is_ineligible ... ok
test core_eligibility_precedence_tests_matching_metadata_blocker_is_ineligible ... ok
test core_eligibility_precedence_tests_metadata_beats_gate ... ok
test core_eligibility_precedence_tests_non_matching_metadata_is_eligible ... ok
test core_eligibility_precedence_tests_no_gate_keys_is_eligible ... ok
test core_eligibility_precedence_tests_not_before_equal_now_is_eligible ... ok
test core_eligibility_precedence_tests_not_before_beats_backoff ... ok
test core_eligibility_precedence_tests_not_before_in_future_is_ineligible ... ok
test core_eligibility_precedence_tests_not_before_in_past_is_eligible ... ok
test core_eligibility_precedence_tests_state_beats_not_before ... ok
test core_eligibility_precedence_tests_unblocked_gate_key_is_eligible ... ok

test result: ok. 19 passed; 0 failed; 0 ignored; 0 measured; 0 filtered out; finished in 0.00s

     Running tests/core_idempotency_tests.rs (target/debug/deps/core_idempotency_tests-4000eebcf3a66136)

running 8 tests
test core_idempotency_tests_conflicting_body_returns_conflict ... ok
test core_idempotency_tests_different_client_item_key_proceeds ... ok
test core_idempotency_tests_duplicate_client_item_key ... ok
test core_idempotency_tests_new_request_proceeds ... ok
test core_idempotency_tests_prior_request_different_id_does_not_replay ... ok
test core_idempotency_tests_replay_identical_body ... ok
test core_idempotency_tests_request_id_conflict_takes_priority_over_key_duplicate ... ok
test core_idempotency_tests_replay_takes_priority_over_key_duplicate ... ok

test result: ok. 8 passed; 0 failed; 0 ignored; 0 measured; 0 filtered out; finished in 0.00s

     Running tests/core_lifecycle_transition_tests.rs (target/debug/deps/core_lifecycle_transition_tests-d83016fa39216cbc)

running 11 tests
test core_lifecycle_transition_tests_complete_rejects_all_events ... ok
test core_lifecycle_transition_tests_is_terminal_correct ... ok
test core_lifecycle_transition_tests_exhaustive_matrix ... ok
test core_lifecycle_transition_tests_failed_rejects_all_events ... ok
test core_lifecycle_transition_tests_leased_finalize_complete_yields_complete ... ok
test core_lifecycle_transition_tests_leased_finalize_fail_yields_failed ... ok
test core_lifecycle_transition_tests_leased_finalize_rearm_yields_pending ... ok
test core_lifecycle_transition_tests_leased_finalize_release_yields_pending ... ok
test core_lifecycle_transition_tests_leased_finalize_retry_yields_pending ... ok
test core_lifecycle_transition_tests_leased_lease_expired_yields_pending ... ok
test core_lifecycle_transition_tests_pending_claim_yields_leased ... ok

test result: ok. 11 passed; 0 failed; 0 ignored; 0 measured; 0 filtered out; finished in 0.00s

     Running tests/core_priority_model_tests.rs (target/debug/deps/core_priority_model_tests-cf53f6b6ff625c93)

running 11 tests
test core_priority_model_tests_decimal_equivalent_representations ... ok
test core_priority_model_tests_int64_boundaries ... ok
test core_priority_model_tests_text_empty_sorts_first ... ok
test core_priority_model_tests_int64_ascending ... ok
test core_priority_model_tests_int64_descending ... ok
test core_priority_model_tests_timestamp_ascending ... ok
test core_priority_model_tests_timestamp_descending ... ok
test core_priority_model_tests_decimal_ascending ... ok
test core_priority_model_tests_decimal_descending ... ok
test core_priority_model_tests_text_ascending ... ok
test core_priority_model_tests_text_descending ... ok

test result: ok. 11 passed; 0 failed; 0 ignored; 0 measured; 0 filtered out; finished in 26.11s

     Running tests/core_recurrence_rearm_tests.rs (target/debug/deps/core_recurrence_rearm_tests-d6d7713b297b190f)

running 9 tests
test core_recurrence_rearm_tests_exhausted_at_max ... ok
test core_recurrence_rearm_tests_exhausted_beyond_max ... ok
test core_recurrence_rearm_tests_failure_event_at_max_is_fail ... ok
test core_recurrence_rearm_tests_failure_event_before_max_is_retry ... ok
test core_recurrence_rearm_tests_not_exhausted_before_max ... ok
test core_recurrence_rearm_tests_rearm_resets_per_cycle_attempts ... ok
test core_recurrence_rearm_tests_retry_cycle_max_1 ... ok
test core_recurrence_rearm_tests_retry_cycle_max_10 ... ok
test core_recurrence_rearm_tests_retry_cycle_max_3 ... ok

test result: ok. 9 passed; 0 failed; 0 ignored; 0 measured; 0 filtered out; finished in 0.00s

     Running tests/flaky_repeat_harness_tests.rs (target/debug/deps/flaky_repeat_harness_tests-270e63c5dbd98b80)

running 9 tests
test flaky_repeat_harness_tests_fixtures_exist ... ok
test flaky_repeat_harness_tests_repeat_suite_script_exists ... ok
test flaky_repeat_harness_tests_report_script_exists ... ok
test flaky_repeat_harness_tests_always_pass_exits_zero ... ok
test flaky_repeat_harness_tests_always_fail_exceeds_strict_threshold ... ok
test flaky_repeat_harness_tests_report_contains_required_fields ... ok
test flaky_repeat_harness_tests_always_fail_default_rate_passes_gate ... ok
test flaky_repeat_harness_tests_zero_failures_passes_strict_threshold ... ok
test flaky_repeat_harness_tests_suite_list_fixture_passes ... ok

test result: ok. 9 passed; 0 failed; 0 ignored; 0 measured; 0 filtered out; finished in 0.22s

     Running tests/priority_decode_fuzz.rs (target/debug/deps/priority_decode_fuzz-ba072840a3d049f1)

running 1 test
test priority_decode_scaffold_accepts_representative_inputs ... ok

test result: ok. 1 passed; 0 failed; 0 ignored; 0 measured; 0 filtered out; finished in 0.00s

     Running tests/property_scaffolding.rs (target/debug/deps/property_scaffolding-9cb19fda29b52324)

running 1 test
test property_scaffolding_round_trips_representative_inputs ... ok

test result: ok. 1 passed; 0 failed; 0 ignored; 0 measured; 0 filtered out; finished in 0.00s

     Running tests/selector_fuzz.rs (target/debug/deps/selector_fuzz-69621aa54eb3ca16)

running 1 test
test selector_scaffold_accepts_representative_inputs ... ok

test result: ok. 1 passed; 0 failed; 0 ignored; 0 measured; 0 filtered out; finished in 0.00s

     Running unittests src/lib.rs (target/debug/deps/pqueue_engine-6e5e50c5f4991a6b)

running 96 tests
test active_scope::tests::default_granularity_depends_on_queue_presence ... ok
test active_scope::tests::empty_queue_id_defaults_to_group_then_is_rejected ... ok
test active_scope::tests::group_discovery_requires_queue_and_nonzero_max ... ok
test active_scope::tests::group_projection_is_identity ... ok
test active_scope::tests::empty_rollup_is_empty ... ok
test active_scope::tests::queue_rollup_takes_max_age_and_sums_counts ... ok
test active_scope::tests::sum_optional_treats_none_as_no_signal_not_zero ... ok
test auth::tests::authorize_operator_requires_operator_prefix ... ok
test auth::tests::authorize_tenant_allows_member_denies_others ... ok
test auth::tests::lease_token_is_hashed_and_redacted ... ok
test claim_validation::tests::bad_group_key_charset_rejected ... ok
test claim_validation::tests::group_batching_rejects_zero_max_groups_and_combinations ... ok
test claim_validation::tests::group_batching_requires_max_group_size ... ok
test claim_validation::tests::default_is_item_unit ... ok
test claim_validation::tests::same_group_key_unit ... ok
test claim_validation::tests::whole_cohort_extra_rejections_and_valid_group_key ... ok
test claim_validation::tests::whole_cohort_requires_enabled_and_bound ... ok
test command::serde_tests::cohort_expired_synthesizes_per_member_terminal_records ... ok
test command::serde_tests::change_record_synthesis_cohort_variants ... ok
test command::serde_tests::cohort_finalize_synthesizes_per_member_terminal_records ... ok
test command::serde_tests::finalize_retry_exhaustion_synthesizes_terminal_failed_record ... ok
test command::serde_tests::hybrid_request_id_envelopes_require_replay_metadata ... ok
test command::serde_tests::legacy_envelope_defaults_request_replay_metadata ... ok
test command::serde_tests::intake_blocking_pause_round_trips_through_json ... ok
test command::serde_tests::payload_bytes_and_priority_survive_round_trip ... ok
test command::serde_tests::test_change_record_idempotency_key_includes_tenant_queue_item_backend_epoch_sequence ... ok
test command::serde_tests::test_change_record_batch_preserves_command_position_order ... ok
test compose::ordered_tests::change_record_cursor_advances_only_after_successful_emit ... ok
test compose::ordered_tests::change_record_tail_is_emitted_in_command_position_order ... ok
test compose::ordered_tests::composed_terminal_reap_on_reclaim_loop ... ok
test compose::ordered_tests::composed_terminal_reap_waits_for_durable_emission_cursor ... ok
test command::serde_tests::every_command_variant_round_trips_through_json ... ok
test compose::ordered_tests::emission_cursor_failover_keeps_stable_dedup_key ... ok
test compose::ordered_tests::emission_cursor_recovers_from_crash_without_skipping ... ok
test compose::ordered_tests::ordered_hybrid_async_barrier_force_seals_before_claims_and_applies_before_release ... ok
test compose::poison_tests::healthy_empty_projection_replays_from_genesis ... ok
test compose::poison_tests::hard_backpressure_without_poison_replays_from_genesis_not_the_lagging_high_water ... ok
test compose::poison_tests::healthy_projection_trusts_its_recovery_high_water ... ok
test compose::poison_tests::poison_high_water_never_advances_past_the_poison_point ... ok
test compose::ordered_tests::pause_blocks_claims_and_optionally_intake ... ok
test compose::ordered_tests::pause_does_not_alter_lease_clock ... ok
test compose::poison_tests::poison_takes_precedence_over_hard_backpressure ... ok
test control_plane::tests::epoch_strictly_increases_across_every_ownership_change ... ok
test control_plane::tests::a_different_owners_live_lease_blocks_acquire ... ok
test control_plane::tests::expired_lease_is_reclaimable_at_a_strictly_greater_epoch ... ok
test control_plane::tests::full_lifecycle_acquire_renew_drain_release_reacquire ... ok
test compose::poison_tests::poison_stops_recovery_by_failing_closed ... ok
test control_plane::tests::hrw_spreads_queues_and_moves_only_a_fraction_when_an_owner_leaves ... ok
test control_plane::tests::the_same_owner_reacquiring_its_lapsed_lease_preserves_the_epoch ... ok
test control_plane::tests::resolve_is_a_deterministic_pure_function_of_queue_and_live_set ... ok
test control_plane::tests::the_same_owner_reaffirming_its_live_lease_preserves_the_epoch ... ok
test control_plane::tests::unregistered_or_dead_owner_cannot_acquire ... ok
test density::tests::admit_evicts_the_least_recently_used ... ok
test control_plane::tests::a_superseded_owner_is_fenced_on_renew_after_handoff ... ok
test density::tests::batched_renewal_renews_all_resident_leases_in_one_pass ... ok
test density::tests::batched_renewal_sheds_a_fenced_queue ... ok
test density::tests::eviction_surfaces_the_lease_for_release_so_resources_are_actually_bounded ... ok
test density::tests::re_admitting_a_resident_queue_evicts_nothing ... ok
test control_plane::tests::no_live_owner_resolves_to_no_target ... ok
test error::commit_rejection_tests::commit_rejections_round_trip_identically ... ok
test finalize_validation::tests::finalize_target_and_lease_families_are_independent ... ok
test control_plane::tests::renew_fails_closed_on_stale_epoch_wrong_owner_or_expiry ... ok
test finalize_validation::tests::finalize_targeting_requires_target_and_lease ... ok
test finalize_validation::tests::purge_targeting_and_force_gate ... ok
test finalize_validation::tests::rearm_missing_not_before_wins_over_until ... ok
test control_plane::tests::acquire_records_the_new_epoch_before_returning ... ok
test finalize_validation::tests::rearm_past_until_is_terminal ... ok
test finalize_validation::tests::rearm_requires_recurring_and_not_before ... ok
test idempotency::tests::check_then_record_flow_never_overwrites_a_live_outcome ... ok
test idempotency::tests::new_request_proceeds ... ok
test idempotency::tests::replay_rebuilds_from_the_retained_window ... ok
test idempotency::tests::same_request_different_body_conflicts ... ok
test idempotency::tests::expired_entry_reports_expired_then_compacts ... ok
test control_plane::tests::concurrent_acquires_linearize_to_distinct_strictly_increasing_epochs ... ok
test idempotency::tests::same_request_same_body_replays_cached_outcome ... ok
test operator::tests::cancel_stops_non_terminal_and_leaves_terminal_intact ... ok
test operator::tests::advance_progresses_until_terminal_then_is_frozen ... ok
test operator::tests::different_body_same_request_is_conflict ... ok
test operator::tests::check_then_record_flow_never_starts_a_second_operation ... ok
test operator::tests::get_returns_recorded_operation_and_none_for_unknown ... ok
test operator::tests::new_create_is_not_yet_anchored ... ok
test operator::tests::dedup_is_permanent_no_retention_window ... ok
test ownership::tests::durable_cp_mismatch_still_fails_closed ... ok
test operator::tests::replay_same_request_returns_same_operation ... ok
test ownership::tests::ephemeral_restart_reacquire_advances_storage_and_serves ... ok
test ownership::tests::no_eligible_work_is_never_a_violation ... ok
test ownership::tests::unowned_or_draining_past_the_bound_is_a_violation ... ok
test operator::tests::store_is_reconstructable_by_replaying_the_record_log ... ok
test ownership::tests::an_assigned_owner_serving_is_not_an_ownership_violation ... ok
test ownership::tests::unowned_within_the_bound_is_not_yet_a_violation ... ok
test tests::durability_class_gates_upsert ... ok
test tests::gate_validation_rejects_when_capability_absent ... ok
test tests::command_position_is_shard_local_monotonic ... ok
test tests::pause_error_is_structured ... ok
test tests::canonical_resp_tokens_match_td006 ... ok
test density::tests::resident_set_stays_bounded_as_queue_count_grows_to_1000 ... ok

test result: ok. 96 passed; 0 failed; 0 ignored; 0 measured; 0 filtered out; finished in 0.01s

     Running tests/dependency_direction.rs (target/debug/deps/dependency_direction-cd8bd3b066d50999)

running 1 test
test domain_crates_do_not_depend_on_adapters ... ok

test result: ok. 1 passed; 0 failed; 0 ignored; 0 measured; 0 filtered out; finished in 0.00s

     Running tests/read_as_of.rs (target/debug/deps/read_as_of-4021b04ca1bf521a)

running 1 test
test read_as_of_reconstructs_prior_state ... ok

test result: ok. 1 passed; 0 failed; 0 ignored; 0 measured; 0 filtered out; finished in 0.00s

     Running unittests src/main.rs (target/debug/deps/pqueue_loadgen-2c162537b14e0ecb)

running 0 tests

test result: ok. 0 passed; 0 failed; 0 ignored; 0 measured; 0 filtered out; finished in 0.00s

     Running unittests src/lib.rs (target/debug/deps/pqueue_memory-fa986e3afd12234c)

running 53 tests
test tests::claim_empty_when_nothing_eligible ... ok
test tests::claim_fences_superseded_owner_epoch ... ok
test tests::claim_returns_priority_ordered_rich_items ... ok
test tests::claim_compatibility_is_resolved_and_gated ... ok
test tests::claimed_item_shape_includes_payload_fields_and_gate_keys ... ok
test tests::claim_then_complete_lifecycle ... ok
test tests::claim_with_explicit_eligibility_time ... ok
test tests::claimed_item_shape_omits_empty_conditionals ... ok
test tests::claimed_view_renders_leased_items ... ok
test tests::claimed_item_shape_reflects_update_fields_after_reclaim ... ok
test tests::composed_capability_parity::commit_capabilities_reach_memory_parity ... ok
test tests::commit_path_propagates_request_id_into_every_command_envelope ... ok
test tests::composed_capability_parity::commit_request_id_conflicts_on_body_change ... ok
test tests::composed_capability_parity::commit_path_propagates_request_id_into_every_command_envelope ... ok
test tests::composed_capability_parity::reschedule_reprices_live_item ... ok
test tests::composed_capability_parity::set_gates_and_discover_are_unavailable ... ok
test tests::commit_transition_shared_scenario_runs_against_composed_memory ... ok
test tests::distinct_node_ids_never_collide_on_concurrent_push ... ok
test tests::epoch_fence_closes_pre_segment_window ... ok
test tests::fenced_lease_finalize_is_stale ... ok
test tests::finalize_of_nonleased_item_is_rejected_without_appending ... ok
test tests::finalize_fences_superseded_owner_epoch ... ok
test tests::gate_bearing_push_and_raw_setgates_are_rejected_before_commit ... ok
test tests::high_water_advances_on_each_commit ... ok
test tests::high_water_is_monotonic ... ok
test tests::manual_clock_and_idgen_are_real ... ok
test tests::lapsed_same_owner_reacquire_does_not_self_fence_inflight_writes ... ok
test tests::pause_and_fence_reconstruct_from_log ... ok
test tests::paused_queue_yields_no_claims ... ok
test tests::peek_is_priority_ordered_and_nondestructive ... ok
test tests::pending_lists_leased_items ... ok
test tests::purge_removes_present_items_and_gates_leased ... ok
test tests::push_then_select_eligible_in_priority_order ... ok
test tests::reclaim_expired_sweeps_per_queue ... ok
test tests::rejected_finalize_leaves_visible_state_unchanged ... ok
test tests::rejected_mutations_do_not_append_commands ... ok
test tests::push_fences_superseded_owner_epoch ... ok
test tests::replace_pending_supersedes_old ... ok
test tests::request_id_push_replays_once_and_conflicts_on_body_change ... ok
test tests::reassign_swaps_token_and_charges_attempt ... ok
test tests::retry_beyond_max_attempts_goes_terminal ... ok
test tests::stale_epoch_append_is_fenced ... ok
test tests::retry_with_backoff_defers_eligibility ... ok
test tests::successful_push_is_visible_before_response_returns ... ok
test tests::renew_extends_lease_and_rejects ... ok
test tests::upsert_inserts_then_replaces_pending ... ok
test tests::snapshots_write_read_latest ... ok
test tests::upsert_rejects_claimed_and_terminal ... ok
test tests::structured_live_items_are_ordered_and_only_live ... ok
test tests::tick_lease_boundary_is_half_open ... ok
test tests::tick_reclaims_expired_lease_with_no_client_traffic ... ok
test tests::upsert_preserves_group_delay_and_payload_in_claim_shape ... ok
test tests::update_fields_merges_and_cas ... ok

test result: ok. 53 passed; 0 failed; 0 ignored; 0 measured; 0 filtered out; finished in 0.01s

     Running tests/ownership.rs (target/debug/deps/ownership-27b56e7fca0cbcb1)

running 3 tests
test a_same_owner_reaffirm_preserves_its_fence_and_does_not_self_fence ... ok
test a_superseded_owner_is_fenced_at_the_append_seam ... ok
test a_live_lease_rejects_a_second_acquire_without_touching_the_fence ... ok

test result: ok. 3 passed; 0 failed; 0 ignored; 0 measured; 0 filtered out; finished in 0.00s

     Running unittests src/lib.rs (target/debug/deps/pqueue_objectlog-116fec79b4a88533)

running 24 tests
test segmented::list_pagination_tests::final_page_has_no_continuation_token ... ok
test segmented::list_pagination_tests::scrape_keys_reads_every_key_on_a_page ... ok
test segmented::list_pagination_tests::truncated_page_yields_the_continuation_token ... ok
test segmented::manifest_deletion_watermark_tests::TestLegacyBootstrapNotRemoved ... ok
test segmented::manifest_deletion_watermark_tests::TestExpireDeletesEligibleLegacyManifestObjectsAfterSegmentReclaim ... ok
test segmented::manifest_deletion_watermark_tests::TestLegacyManifestBootstrapPreservesFenceCompatibility ... ok
test segmented::manifest_deletion_watermark_tests::TestManifestDeletionWatermarkAdvancesOnlyAfterManifestDeleteProgress ... ok
test segmented::manifest_deletion_watermark_tests::TestManifestDeleteFailureDoesNotSkipUndeletedPrefix ... ok
test segmented::manifest_deletion_watermark_tests::TestManifestDeletionWatermarkMonotonic ... ok
test segmented::manifest_deletion_watermark_tests::TestManifestHeadFenceRemainsOccupiedAfterReclaim ... ok
test segmented::manifest_deletion_watermark_tests::TestManifestDeletionWatermarkStorageBelowFloorAccepted ... ok
test segmented::manifest_deletion_watermark_tests::TestManifestDeletionWatermarkOwnerFenceIndependenceDocumented ... ok
test segmented::manifest_deletion_watermark_tests::TestManifestReclamationDoesNotHidePartialExpirySegments ... ok
test segmented::manifest_deletion_watermark_tests::TestManifestDeletionWatermarkStorageMonotonicNoRegression ... ok
test segmented::manifest_deletion_watermark_tests::TestManifestReclamationEligibilityStrictlyBelowFloor ... ok
test segmented::manifest_deletion_watermark_tests::TestManifestReclamationEligibilitySkipsBranchPinnedSegments ... ok
test segmented::manifest_deletion_watermark_tests::TestPermanentFenceSurvivesReopen ... ok
test segmented::manifest_deletion_watermark_tests::TestManifestDeletionWatermarkRestartPersistsHighestContiguous ... ok
test segmented::manifest_deletion_watermark_tests::TestReopenFenceReloadsBeforeSeal ... ok
test segmented::manifest_deletion_watermark_tests::TestManifestWatermarkFailClosedBelowFloor ... ok
test segmented::manifest_deletion_watermark_tests::TestPartialExpireDoesNotHideUndeletedManifestEntries ... ok
test segmented::manifest_deletion_watermark_tests::TestPartialExpireVisibilityHelperKeepsUndeletedBelowFloorEntry ... ok
test segmented::fs_blob_store_tests::local_fs_blob_store_persists_across_reopen ... ok
test segmented::fs_blob_store_tests::local_fs_blob_store_mirrors_in_memory ... ok

test result: ok. 24 passed; 0 failed; 0 ignored; 0 measured; 0 filtered out; finished in 0.01s

     Running tests/composed_group_commit.rs (target/debug/deps/composed_group_commit-0ce7b3077b450974)

running 5 tests
test concurrent_pushes_cobuffer_into_one_sealed_segment ... ok
test single_command_segment_is_only_on_distinguishable_sync_path ... ok
test group_commit_reopen_recovers_projection_from_the_log ... ok
test claim_and_finalize_normal_traffic_batch_before_ack ... ok
test objectlog_hybrid_force_seals_before_claim_and_fences_stale_epoch ... ok

test result: ok. 5 passed; 0 failed; 0 ignored; 0 measured; 0 filtered out; finished in 0.11s

     Running tests/composed_reconnect.rs (target/debug/deps/composed_reconnect-947fd98ee0307f0e)

running 8 tests
test objectlog_inmemory::reconnect_after_crash_preserves_committed_state ... ok
test objectlog_inmemory::reconnect_after_rejected_mutation_has_no_phantom_commit ... ok
test objectlog_inmemory::reconnect_preserves_leased_item_state ... ok
test objectlog_inmemory::reconnect_preserves_terminal_and_pending_state ... ok
test objectlog_sqlite_projection::reconnect_after_crash_preserves_committed_state ... ok
test objectlog_sqlite_projection::reconnect_preserves_terminal_and_pending_state ... ok
test objectlog_sqlite_projection::reconnect_after_rejected_mutation_has_no_phantom_commit ... ok
test objectlog_sqlite_projection::reconnect_preserves_leased_item_state ... ok

test result: ok. 8 passed; 0 failed; 0 ignored; 0 measured; 0 filtered out; finished in 0.31s

     Running tests/composed_sqlite_projection.rs (target/debug/deps/composed_sqlite_projection-71d382cc4f10e9b7)

running 31 tests
test claimed_item_shape_reflects_update_fields_after_reclaim ... ok
test claimed_item_shape_includes_payload_fields_and_gate_keys ... ok
test claim_empty_when_nothing_eligible ... ok
test finalize_of_nonleased_item_is_rejected_without_appending ... ok
test epoch_fence_closes_pre_segment_window ... ok
test claimed_view_renders_leased_items ... ok
test peek_is_priority_ordered_and_nondestructive ... ok
test claim_compatibility_is_resolved_and_gated ... ok
test claimed_item_shape_omits_empty_conditionals ... ok
test claim_then_complete_lifecycle ... ok
test paused_queue_yields_no_claims ... ok
test claim_returns_priority_ordered_rich_items ... ok
test fenced_lease_finalize_is_stale ... ok
test request_id_push_replays_once_and_conflicts_on_body_change ... ok
test upsert_is_unavailable ... ok
test push_then_select_eligible_in_priority_order ... ok
test update_fields_is_unavailable ... ok
test successful_push_is_visible_before_response_returns ... ok
test stale_epoch_append_is_fenced ... ok
test retry_with_backoff_defers_eligibility ... ok
test pending_lists_leased_items ... ok
test rejected_finalize_leaves_visible_state_unchanged ... ok
test tick_lease_boundary_is_half_open ... ok
test reassign_swaps_token_and_charges_attempt ... ok
test tick_reclaims_expired_lease_with_no_client_traffic ... ok
test structured_live_items_are_ordered_and_only_live ... ok
test reclaim_expired_sweeps_per_queue ... ok
test renew_extends_lease_and_rejects ... ok
test purge_removes_present_items_and_gates_leased ... ok
test retry_beyond_max_attempts_goes_terminal ... ok
test claim_with_explicit_eligibility_time ... ok

test result: ok. 31 passed; 0 failed; 0 ignored; 0 measured; 0 filtered out; finished in 0.16s

     Running tests/conformance.rs (target/debug/deps/conformance-df691d11ac964f33)

running 73 tests
test claimed_item_shape_includes_payload_fields_and_gate_keys ... ok
test claimed_item_shape_reflects_update_fields_after_reclaim ... ok
test commit_transition_shared_scenario_declines_for_objectlog ... ok
test claim_empty_when_nothing_eligible ... ok
test claim_returns_priority_ordered_rich_items ... ok
test composed::high_water_is_monotonic ... ok
test composed::claim_compatibility_is_resolved_and_gated ... ok
test composed::peek_is_priority_ordered_and_nondestructive ... ok
test composed::pending_lists_leased_items ... ok
test composed::push_then_select_eligible_in_priority_order ... ok
test composed::purge_removes_present_items_and_gates_leased ... ok
test composed::fenced_lease_finalize_is_stale ... ok
test composed::retry_with_backoff_defers_eligibility ... ok
test composed::structured_live_items_are_ordered_and_only_live ... ok
test composed::upsert_is_unavailable ... ok
test composed::claimed_view_renders_leased_items ... ok
test composed::claim_empty_when_nothing_eligible ... ok
test composed::update_fields_is_unavailable ... ok
test claimed_item_shape_omits_empty_conditionals ... ok
test composed::rejected_finalize_leaves_visible_state_unchanged ... ok
test claimed_view_renders_leased_items ... ok
test epoch_fence_closes_pre_segment_window ... ok
test claim_then_complete_lifecycle ... ok
test claim_compatibility_is_resolved_and_gated ... ok
test composed::rejected_mutations_do_not_append_commands ... ok
test composed::epoch_fence_closes_pre_segment_window ... ok
test composed::reassign_swaps_token_and_charges_attempt ... ok
test composed::tick_reclaims_expired_lease_with_no_client_traffic ... ok
test composed::claim_returns_priority_ordered_rich_items ... ok
test composed::successful_push_is_visible_before_response_returns ... ok
test composed::snapshots_write_read_latest ... ok
test high_water_advances_on_each_commit ... ok
test composed::paused_queue_yields_no_claims ... ok
test rejected_finalize_leaves_visible_state_unchanged ... ok
test composed::claimed_item_shape_reflects_update_fields_after_reclaim ... ok
test composed::claimed_item_shape_includes_payload_fields_and_gate_keys ... ok
test rejected_mutations_do_not_append_commands ... ok
test composed::finalize_of_nonleased_item_is_rejected_without_appending ... ok
test composed::request_id_push_replays_once_and_conflicts_on_body_change ... ok
test composed::claim_then_complete_lifecycle ... ok
test composed::high_water_advances_on_each_commit ... ok
test finalize_of_nonleased_item_is_rejected_without_appending ... ok
test composed::tick_lease_boundary_is_half_open ... ok
test composed::retry_beyond_max_attempts_goes_terminal ... ok
test composed::claimed_item_shape_omits_empty_conditionals ... ok
test upsert_is_unavailable ... ok
test update_fields_is_unavailable ... ok
test high_water_is_monotonic ... ok
test composed::renew_extends_lease_and_rejects ... ok
test fenced_lease_finalize_is_stale ... ok
test composed::stale_epoch_append_is_fenced ... ok
test composed::reclaim_expired_sweeps_per_queue ... ok
test peek_is_priority_ordered_and_nondestructive ... ok
test pending_lists_leased_items ... ok
test paused_queue_yields_no_claims ... ok
test push_then_select_eligible_in_priority_order ... ok
test purge_removes_present_items_and_gates_leased ... ok
test reassign_swaps_token_and_charges_attempt ... ok
test pause_and_fence_reconstruct_from_log ... ok
test request_id_push_replays_once_and_conflicts_on_body_change ... ok
test retry_with_backoff_defers_eligibility ... ok
test reclaim_expired_sweeps_per_queue ... ok
test snapshots_write_read_latest ... ok
test renew_extends_lease_and_rejects ... ok
test successful_push_is_visible_before_response_returns ... ok
test structured_live_items_are_ordered_and_only_live ... ok
test stale_epoch_append_is_fenced ... ok
test tick_lease_boundary_is_half_open ... ok
test tick_reclaims_expired_lease_with_no_client_traffic ... ok
test composed::pause_and_fence_reconstruct_from_log ... ok
test claim_with_explicit_eligibility_time ... ok
test retry_beyond_max_attempts_goes_terminal ... ok
test composed::claim_with_explicit_eligibility_time ... ok

test result: ok. 73 passed; 0 failed; 0 ignored; 0 measured; 0 filtered out; finished in 0.12s

     Running tests/durability.rs (target/debug/deps/durability-8aca11bbf5c742c2)

running 10 tests
test local_object_log_rejects_stale_expected_epoch_before_append ... ok
test raw_setgates_is_rejected_before_any_object_is_written ... ok
test local_object_log_appends_reads_and_reopens_without_projection ... ok
test local_object_log_rejects_replace_pending_before_append ... ok
test declares_eventual_apply_class ... ok
test replace_pending_command_is_refused_at_the_write_path ... ok
test projection_rebuilds_from_object_log_on_reopen ... ok
test torn_trailing_object_is_skipped_on_reopen ... ok
test objectlog_segment_configuration_is_respected ... ok
test object_log_backend_schema_validation_rejects_before_append_and_idempotency ... ok

test result: ok. 10 passed; 0 failed; 0 ignored; 0 measured; 0 filtered out; finished in 0.04s

     Running tests/hot_projection_queries.rs (target/debug/deps/hot_projection_queries-4300e49ccb60d5df)

running 2 tests
test hot_projection_capabilities_are_explicit ... ok
test commit_transition_capabilities_are_explicit ... ok

test result: ok. 2 passed; 0 failed; 0 ignored; 0 measured; 0 filtered out; finished in 0.00s

     Running tests/hybrid_async_chaos.rs (target/debug/deps/hybrid_async_chaos-93f1d7c6ed099217)

running 5 tests
test hybrid_async_chaos_crash_mid_lease_neither_loses_nor_duplicates_the_lease ... ok
test hybrid_async_chaos_request_id_replay_converges_and_claims_once ... ok
test hybrid_async_chaos_crash_after_commit_replays_pushes_on_reopen ... ok
test hybrid_async_chaos_crash_after_finalize_does_not_redeliver ... ok
test hybrid_async_chaos_disk_loss_of_sqlite_replays_object_log_from_genesis ... ok

test result: ok. 5 passed; 0 failed; 0 ignored; 0 measured; 0 filtered out; finished in 0.43s

     Running tests/hybrid_request_id.rs (target/debug/deps/hybrid_request_id-3cb927c09412e250)

running 1 test
test hybrid_request_id_push_replays_after_restart_and_conflicts_on_body_change ... ok

test result: ok. 1 passed; 0 failed; 0 ignored; 0 measured; 0 filtered out; finished in 0.14s

     Running tests/object_log_commit_recovery_tests.rs (target/debug/deps/object_log_commit_recovery_tests-39c846a65cde0dc9)

running 14 tests
test TestLegacyAppendOnlyRecoveryBootstrapsWithoutHeadDeletion ... ok
test object_log_e3_recovery_at_scale ... ignored, heavy recovery-at-scale measurement; run explicitly with --ignored
test TestLegacyManifestBootstrapStillWorks ... ok
test TestManifestDeletionWatermarkPersistsAndRecoversMetadata ... ok
test TestRecoverManifestPrefersHeadWithLegacyBootstrap ... ok
test TestManifestDeletionWatermarkLegacyBootstrap ... ok
test TestManifestDeletionWatermarkRecoveryRoundTrip ... ok
test TestManifestWatermarkRecoveryKeepsPresentEntriesReadable ... ok
test TestManifestWatermarkRecoveryPersistence ... ok
test TestObjectLogCommitRecoveryManifestWatermark ... ok
test TestPartialExpireRecoveryKeepsVisibleUndeletedSegments ... ok
test TestOwnerFenceDeleteOnlyEvaluation ... ok
test segment_counters_are_reported_for_release_rows ... ok
test object_log_e3_throughput_recovery_and_ack_latency ... ok

test result: ok. 13 passed; 0 failed; 1 ignored; 0 measured; 0 filtered out; finished in 6.06s

     Running tests/object_log_segment_commit_tests.rs (target/debug/deps/object_log_segment_commit_tests-88d0301a4897a778)

running 7 tests
test segmented_commands_wait_for_manifest_commit ... ok
test segment_manifest_cas_fences_concurrent_writers ... ok
test seal_head_cas_ack_boundary_preserves_replay_semantics ... ok
test stale_writer_cannot_false_ack_after_deleted_index ... ok
test stale_writer_attempt_garbage_unpublished ... ok
test unique_attempt_segment_keys_do_not_clobber_live_branch_or_later_segments ... ok
test replay_across_restart_with_head_and_deletion ... ok

test result: ok. 7 passed; 0 failed; 0 ignored; 0 measured; 0 filtered out; finished in 0.03s

     Running tests/reconnect_smoke.rs (target/debug/deps/reconnect_smoke-8ed9488a9ed7cc98)

running 4 tests
test reconnect_after_crash_preserves_committed_state ... ok
test reconnect_after_rejected_mutation_has_no_phantom_commit ... ok
test reconnect_preserves_leased_item_state ... ok
test reconnect_preserves_terminal_and_pending_state ... ok

test result: ok. 4 passed; 0 failed; 0 ignored; 0 measured; 0 filtered out; finished in 0.00s

     Running tests/retention_floor_source_pin_conformance.rs (target/debug/deps/retention_floor_source_pin_conformance-63ad7e78a19c41da)

running 1 test
test TestConformanceRetentionFloorSourcePinObjectlogInvariant ... ok

test result: ok. 1 passed; 0 failed; 0 ignored; 0 measured; 0 filtered out; finished in 0.00s

     Running tests/segmented_s3_substrate_tests.rs (target/debug/deps/segmented_s3_substrate_tests-cd194c76bcab913e)

running 122 tests
test TestBehindImageFailClosedWithDeletedManifests ... ok
test TestBranchGcFailClosedOnCorruptInheritanceMetadata ... ok
test TestBranchGcDeletesBelowFloorAfterLastReadableBranchFinalConservative ... ok
test TestBranchGcDeletesBelowFloorAfterLastReadableBranchFailClosed ... ok
test TestBranchPinReleaseEnablesManifestReclaim ... ok
test TestBranchGcFailClosedOnMissingInheritanceMetadata ... ok
test TestBranchGcDeletesBelowFloorAfterLastReadableBranchFinal ... ok
test TestBelowFloorReadFailsClosedAfterManifestReclaim ... ok
test TestLegacyManifestBootstrapPreservesPermanentFenceProtocol ... ok
test TestBranchGcPreservesInheritedFloorPins ... ok
test TestBranchInheritanceRetainedFloorMetadataAvailable ... ok
test TestBranchPinRulesUnchanged ... ok
test TestDeletionWatermarkStopsBeforePinnedManifest ... ok
test TestDeletionWatermarkOwnerFenceIndependence ... ok
test TestBranchGcDeletesBelowFloorAfterLastReadableBranch ... ok
test TestInterruptedManifestReclaimRecovery ... ok
test TestDeletionWatermarkDoesNotAdvanceRetentionFloor ... ok
test TestLegacyManifestBootstrapDoesNotInferWatermarkFloor ... ok
test TestBranchInheritanceRetainedFloorMetadataFailClosed ... ok
test TestLegacyManifestBootstrapWithoutDeletionWatermark ... ok
test TestLiveTailByteIdenticalAfterManifestReclaim ... ok
test TestManifestDeletionWatermarkLegacyBootstrapConservative ... ok
test TestLegacyManifestBootstrapPreservesFenceCompatibility ... ok
test TestBranchSeedSeqNotSuppressedByFloor ... ok
test TestManifestDeletionWatermarkPersistsAfterPhysicalDelete ... ok
test TestManifestDeletionWatermarkContiguousPrefixOnly ... ok
test TestManifestDeletionWatermarkStorageLegacyBootstrap ... ok
test TestManifestDeletionWatermarkStorageEncodingRoundTrip ... ok
test TestManifestDeletionWatermarkSurvivesReopenBelowDurableFloor ... ok
test TestManifestDeletionWatermarkStorageMonotonicNoRegression ... ok
test TestManifestReclamationWatermarkUnchangedAfterFailedDelete ... ok
test TestManifestDeletionWatermarkReclaimNeverExceedsFloor ... ok
test TestManifestDeletionWatermarkStorageNoCorruptOnStale ... ok
test TestManifestReclamationWatermarkStopsAtPinnedBranches ... ok
test TestManifestDeletionWatermarkStorageMonotonic ... ok
test TestManifestDeletionWatermarkFailClosedBelowFloor ... ok
test TestManifestDeletionWatermarkStorageBelowFloorAccepted ... ok
test TestManifestReclamationPreservesPinnedSourceSegments ... ok
test TestManifestReclamationWatermarkUnchangedAfterPartialDelete ... ok
test TestManifestReclamationPreservesPinnedManifestObjects ... ok
test TestManifestDeletionWatermarkPartialExpiryDoesNotMaskLiveEntries ... ok
test TestNoTailValidateRollbackSubstituteAfterReopen ... ok
test TestManifestDeletionWatermarkStorageNeverExceedsFloor ... ok
test TestNoTailValidateRollbackSubstituteForCachedWriter ... ok
test TestManifestDeletionWatermarkReclaimCyclesMonotonic ... ok
test TestObjectlogPqueueC33c367eReleaseNote ... ok
test TestManifestObjectCountBoundedAfterLongTrim ... ok
test TestPartialExpireDoesNotAdvanceDeletionWatermarkPastDeletedPrefix ... ok
test TestManifestWatermarkReadPathOwnerFenceEvaluationDocumented ... ok
test TestManifestReclamationAdvancesWatermarkAfterDeleteProgress ... ok
test TestPartialExpireWatermarkRetryEnumeratesRemainingSegment ... ok
test TestPermanentFenceMarkerBlocksReclaimedIndex ... ok
test TestObjectlogDeletedManifestFailClosedSignal ... ok
test TestPartialExpireWatermarkStopsBeforeUndeletedBelowFloorSegment ... ok
test TestPartialExpireVisibilityDecisionHidesOnlyReclaimedPrefix ... ok
test TestManifestWatermarkPresentEntriesNotHiddenDuringPartialExpiry ... ok
test TestPartialExpireVisibilityDecisionHidesOnlyReclaimedPrefixStopsAtFirstUndeletedBelowFloorEntry ... ok
test ack_is_withheld_until_segment_and_manifest_commit ... ok
test TestReopenFenceCommentReferencesDesign ... ok
test TestUnexpectedLiveManifestHoleFailsClosed ... ok
test TestManifestDeletionWatermarkStorageNotRetentionAuthority ... ok
test TestPermanentFenceSurvivesReopen ... ok
test TestReopenFenceReloadsBeforeSeal ... ok
test TestRecoverTailAfterManifestReclaimAndReopen ... ok
test TestPartialExpireVisibilityDecisionReadRecoveryBootstrapCompatibility ... ok
test TestSealPathDoesNotListBeforeEveryFenceCheck ... ok
test ac_txn_3_fresh_log_recovers_identically_after_horizon_advance ... ok
test backward_compat_no_horizon_object_behaves_as_before ... ok
test TestPartialExpireVisibilityDecisionExpiryStopsAtUndeletedBelowFloor ... ok
test TestPartialExpireWatermarkDoesNotHideBelowFloorSegments ... ok
test TestPartialExpireReadHorizonAloneDoesNotHideBelowFloorEntries ... ok
test branch_acquire_epoch_store_failure_rolls_back_and_releases_the_pin ... ok
test branch_cut_below_advanced_floor_is_rejected_invalid_not_retried ... ok
test branch_gets_own_lease_no_parent_fence_change ... ok
test branch_does_not_retry_a_rollback_cleanup_conflict ... ok
test TestPartialExpireVisibilityUsesDurableManifestDeletionWatermark ... ok
test TestObjectlogRetainedFloorHeadReplayStillSucceeds ... ok
test TestPartialExpireVisibilityStatePreservesFailClosedBelowFloorReads ... ok
test TestManifestDeletionWatermarkState ... ok
test TestPartialExpireVisibilityDecisionKeepsUndeletedBelowFloorSegments ... ok
test TestManifestDeletionWatermarkPartialExpiryBoundary ... ok
test branch_pin_ttl_expiry_releases_manifest_reclamation ... ok
test branch_suppresses_emission_by_default ... ok
test branch_pins_parent_segments_against_expiry ... ok
test branch_inheritance_source_pins_preserved ... ok
test group_commit_seal_committed_at_is_race_free_across_an_interleaved_enqueue ... ok
test group_commit_seal_stamps_committed_at_as_the_batch_max_created_at ... ok
test list_counter_records_billable_list_requests_not_logical_calls ... ok
test branch_manifest_copy_store_failure_rolls_back_and_releases_the_pin ... ok
test one_command_per_segment_config_is_rejected_unless_dev_flag ... ok
test branch_pin_delete_store_failure_retains_the_pin ... ok
test TestObjectlogPqueueC33c367eInteractionRecorded ... ok
test branch_inherits_source_retention_floor_and_reads_no_missing_segment ... ok
test TestPartialExpireVisibilityStateDoesNotRegressReadHorizonBounds ... ok
test gc_orphaned_branches_leaves_a_committed_branch_untouched ... ok
test branch_shares_segments_and_diverges ... ok
test branch_reads_survive_source_prefix_deletion_and_stay_on_branch_owned_keys ... ok
test branch_object_cleanup_store_failure_retains_the_pin ... ok
test limited_read_fetches_only_segments_needed_for_the_page ... ok
test high_water_tail_replay_skips_fully_applied_segment_objects ... ok
test recovery_replays_only_manifest_committed_segments ... ok
test segmented_object_log_commits_through_minio ... ok
test branch_commit_is_fenced_on_the_source_epoch_and_cross_instance_gc_stays_safe ... ok
test branch_over_a_concurrently_trimming_source_fails_cleanly_with_no_missing_segment ... ok
test committed_branch_is_readable_and_protected ... ok
test branch_metadata_put_store_failure_rolls_back_and_releases_the_pin ... ok
test compound_marker_and_cleanup_failure_then_ttl_and_trim_never_yields_a_missing_segment ... ok
test counters_surface_emits_a_release_ledger_row ... ok
test retention_floor_advance_is_epoch_fenced_manifest_cas_against_a_superseded_owner ... ok
test branch_inheritance_seed_floor_edge ... ok
test gc_excludes_a_concurrent_branch_creation_and_never_destroys_a_committing_branch ... ok
test retention_floor_trim_respects_branch_pins_and_rejects_below_floor_cuts ... ok
test size_trigger_and_latency_trigger_both_seal_two_configurations ... ok
test stale_writer_below_horizon_is_still_fenced_address_never_freed ... ok
test stale_epoch_writer_is_cas_fenced_with_no_torn_segment ... ok
test gc_orphaned_branches_reclaims_partial_branch_and_source_stays_reclaimable ... ok
test branch_inheritance_uses_retained_floor_metadata ... ok
test branch_retries_a_bounded_concurrent_floor_advance_and_succeeds ... ok
test partial_expire_does_not_hide_undeleted_below_floor_segments ... ok
test partial_expire_visibility_uses_durable_manifest_deletion_watermark ... ok
test branch_gives_up_cleanly_under_continuous_trimming ... ok
test read_horizon_bounds_enumeration_to_live_and_is_monotonic ... ok

test result: ok. 122 passed; 0 failed; 0 ignored; 0 measured; 0 filtered out; finished in 0.02s

     Running unittests src/lib.rs (target/debug/deps/pqueue_postgres-b876abeb42cf6642)

running 30 tests
test connect::tests::parses_libpq_url_sslmode_and_default_lifetime ... ok
test connect::tests::databricks_provider_exposes_postgres_user_without_live_fetch ... ok
test connect::tests::required_ssl_fails_before_no_tls_connection_attempt ... ok
test connect::tests::refreshing_provider_injects_a_fresh_password ... ok
test connect::tests::selects_fail_closed_for_require_without_tls ... ok
test connect::tests::static_password_overrides_url_password_without_string_splicing ... ok
test control_plane::sql_shape_tests::lease_for_update_materializes_then_locks_the_row ... ok
test control_plane::sql_shape_tests::lease_state_round_trips_through_text ... ok
test control_plane::sql_shape_tests::schema_declares_both_control_plane_tables ... ok
test control_plane::sql_shape_tests::timestamp_nanos_round_trip ... ok
test credential::tests::builds_config_from_pat_env_and_project_instance_override ... ok
test credential::tests::builds_config_from_service_principal_env ... ok
test credential::tests::parses_expiration_aliases_and_fractional_seconds ... ok
test credential::tests::parses_postgres_endpoint_expire_time_alias ... ok
test credential::tests::databricks_fetcher_uses_injected_runner_without_live_call ... ok
test credential::tests::parses_recorded_databricks_credential_fixture ... ok
test credential::tests::pat_env_requires_explicit_postgres_user ... ok
test credential::tests::rejects_response_without_token_or_expiry ... ok
test credential::tests::refreshing_provider_caches_until_refresh_margin ... ok
test relational::commit_transition_tests::commit_transition_conflict_is_per_entry_during_race ... ok
test relational::commit_transition_tests::commit_transition_rejects_bad_token_bad_version_and_writes_nothing ... ok
test relational::commit_transition_tests::commit_transition_request_id_replays_without_double_write ... ok
test relational::gated_group_summary_tests::claim_refreshes_group_summary ... ok
test relational::gated_group_summary_tests::discover_active_scopes_rolls_up_group_summary ... ok
test relational::gated_group_summary_tests::group_batching_leases_whole_groups ... ok
test relational::gated_group_summary_tests::whole_cohort_leases_complete_cohort ... ok
test relational::sql_shape_tests::claim_cte_uses_for_update_skip_locked ... ok
test relational::sql_shape_tests::claimed_gate_key_lookup_is_batched_by_item_id_array ... ok
test relational::sql_shape_tests::sequence_allocation_is_atomic_increment_and_return ... ok
test relational::sql_shape_tests::schema_has_relational_projections ... ok

test result: ok. 30 passed; 0 failed; 0 ignored; 0 measured; 0 filtered out; finished in 0.00s

     Running tests/bq23_single_epoch.rs (target/debug/deps/bq23_single_epoch-21d08fcf8f8015e9)

running 2 tests
test acquire_and_fence_reuses_bound_postgres_epoch ... ok
test cp_acquire_writes_storage_epoch_in_same_schema ... ok

test result: ok. 2 passed; 0 failed; 0 ignored; 0 measured; 0 filtered out; finished in 0.00s

     Running tests/composed_log_reconnect.rs (target/debug/deps/composed_log_reconnect-02b980603307570b)

running 1 test
test composed_postgres_projection_rebuilds_from_durable_log_on_reconnect ... ok

test result: ok. 1 passed; 0 failed; 0 ignored; 0 measured; 0 filtered out; finished in 0.00s

     Running tests/composed_relational_conformance.rs (target/debug/deps/composed_relational_conformance-2bbcea76817a952c)

running 32 tests
test claim_compatibility_is_resolved_and_gated ... ok
test claim_empty_when_nothing_eligible ... ok
test claim_returns_priority_ordered_rich_items ... ok
test claim_then_complete_lifecycle ... ok
test claimed_item_shape_includes_payload_fields_and_gate_keys_if_supported ... ok
test claimed_item_shape_omits_empty_conditionals ... ok
test claimed_view_renders_leased_items ... ok
test epoch_fence_closes_pre_segment_window ... ok
test fenced_lease_finalize_is_stale ... ok
test finalize_of_nonleased_item_is_rejected_without_appending ... ok
test paused_queue_yields_no_claims ... ok
test peek_is_priority_ordered_and_nondestructive ... ok
test pending_lists_leased_items ... ok
test purge_removes_present_items_and_gates_leased ... ok
test push_then_select_eligible_in_priority_order ... ok
test reassign_swaps_token_and_charges_attempt ... ok
test reclaim_expired_sweeps_per_queue ... ok
test rejected_finalize_leaves_visible_state_unchanged ... ok
test renew_extends_lease_and_rejects ... ok
test replace_pending_supersedes_old ... ok
test request_id_push_replays_once_and_conflicts_on_body_change ... ok
test retry_beyond_max_attempts_goes_terminal ... ok
test retry_with_backoff_defers_eligibility ... ok
test stale_epoch_append_is_fenced ... ok
test structured_live_items_are_ordered_and_only_live ... ok
test successful_push_is_visible_before_response_returns ... ok
test tick_lease_boundary_is_half_open ... ok
test tick_reclaims_expired_lease_with_no_client_traffic ... ok
test update_fields_merges_and_cas ... ok
test upsert_inserts_then_replaces_pending ... ok
test upsert_preserves_group_delay_and_payload_in_claim_shape ... ok
test upsert_rejects_claimed_and_terminal ... ok

test result: ok. 32 passed; 0 failed; 0 ignored; 0 measured; 0 filtered out; finished in 0.00s

     Running tests/composed_relational_reconnect.rs (target/debug/deps/composed_relational_reconnect-ed889cd7d9751ce5)

running 6 tests
test composed_relational_recover_replays_tail ... ok
test composed_relational_recovery_seeds_counters ... ok
test reconnect_after_crash_preserves_committed_state ... ok
test reconnect_after_rejected_mutation_has_no_phantom_commit ... ok
test reconnect_preserves_leased_item_state ... ok
test reconnect_preserves_terminal_and_pending_state ... ok

test result: ok. 6 passed; 0 failed; 0 ignored; 0 measured; 0 filtered out; finished in 0.00s

     Running tests/composed_relational_terminal_reap.rs (target/debug/deps/composed_relational_terminal_reap-d194e1ded7494b77)

running 2 tests
test reap_ignores_emission_cursor_for_opted_out_queue ... ok
test reap_waits_for_emission_cursor_on_opted_in_queue ... ok

test result: ok. 2 passed; 0 failed; 0 ignored; 0 measured; 0 filtered out; finished in 0.00s

     Running tests/conformance.rs (target/debug/deps/conformance-a47dbcab0b6880ee)

running 41 tests
test claim_compatibility_is_resolved_and_gated ... ok
test claim_empty_when_nothing_eligible ... ok
test claim_returns_priority_ordered_rich_items ... ok
test claim_then_complete_lifecycle ... ok
test claimed_item_shape_omits_empty_conditionals ... ok
test claimed_item_shape_includes_payload_fields_and_gate_keys_if_supported ... ok
test claimed_item_shape_reflects_update_fields_after_reclaim ... ok
test claimed_view_renders_leased_items ... ok
test commit_transition_shared_scenario_runs_against_postgres_log_replay ... ok
test epoch_fence_closes_pre_segment_window ... ok
test fenced_lease_finalize_is_stale ... ok
test finalize_of_nonleased_item_is_rejected_without_appending ... ok
test high_water_advances_on_each_commit ... ok
test high_water_is_monotonic ... ok
test pause_and_fence_reconstruct_from_log ... ok
test paused_queue_yields_no_claims ... ok
test peek_is_priority_ordered_and_nondestructive ... ok
test pending_lists_leased_items ... ok
test postgres_append_concurrent_sequence_no_gap_no_dup ... ok
test postgres_high_water_concurrent_monotonic ... ok
test purge_removes_present_items_and_gates_leased ... ok
test push_then_select_eligible_in_priority_order ... ok
test reassign_swaps_token_and_charges_attempt ... ok
test reclaim_expired_sweeps_per_queue ... ok
test rejected_finalize_leaves_visible_state_unchanged ... ok
test renew_extends_lease_and_rejects ... ok
test replace_pending_supersedes_old ... ok
test request_id_push_replays_once_and_conflicts_on_body_change ... ok
test retry_beyond_max_attempts_goes_terminal ... ok
test retry_with_backoff_defers_eligibility ... ok
test schema_validation_rejects_before_append_and_idempotency_on_postgres_log ... ok
test snapshots_write_read_latest ... ok
test stale_epoch_append_is_fenced ... ok
test structured_live_items_are_ordered_and_only_live ... ok
test successful_push_is_visible_before_response_returns ... ok
test tick_lease_boundary_is_half_open ... ok
test tick_reclaims_expired_lease_with_no_client_traffic ... ok
test update_fields_merges_and_cas ... ok
test upsert_inserts_then_replaces_pending ... ok
test upsert_preserves_group_delay_and_payload_in_claim_shape ... ok
test upsert_rejects_claimed_and_terminal ... ok

test result: ok. 41 passed; 0 failed; 0 ignored; 0 measured; 0 filtered out; finished in 0.00s

     Running tests/control_plane.rs (target/debug/deps/control_plane-2f9b37b58b122fbf)

running 7 tests
test a_different_owners_live_lease_blocks_acquire ... ok
test dead_or_unregistered_owner_cannot_acquire ... ok
test expired_lease_is_reclaimable_at_a_strictly_greater_epoch ... ok
test full_lifecycle_acquire_renew_drain_release_reacquire ... ok
test genesis_concurrent_acquire_has_a_single_winner ... ok
test renew_fails_closed_on_stale_epoch_wrong_owner_or_expiry ... ok
test resolve_reports_deterministic_target_and_durable_epoch ... ok

test result: ok. 7 passed; 0 failed; 0 ignored; 0 measured; 0 filtered out; finished in 0.00s

     Running tests/durability.rs (target/debug/deps/durability-667cc94164fe25dd)

running 2 tests
test orchestration_writes_after_reconnect_do_not_collide ... ok
test projection_rebuilds_from_durable_log_on_reconnect ... ok

test result: ok. 2 passed; 0 failed; 0 ignored; 0 measured; 0 filtered out; finished in 0.00s

     Running tests/hot_projection_queries.rs (target/debug/deps/hot_projection_queries-2a1dce544379a371)

running 3 tests
test commit_transition_capabilities_are_explicit ... ok
test read_as_of_unavailable_relational ... ok
test hot_projection_capabilities_are_explicit ... ok

test result: ok. 3 passed; 0 failed; 0 ignored; 0 measured; 0 filtered out; finished in 0.00s

     Running tests/multi_instance.rs (target/debug/deps/multi_instance-98f71711c5e3ff64)

running 2 tests
test relational_multi_instance_has_item_visibility_and_fence ... ok
test two_instances_compete_over_shared_postgres ... ok

test result: ok. 2 passed; 0 failed; 0 ignored; 0 measured; 0 filtered out; finished in 0.00s

     Running tests/performance_single_deployment_baseline_tests.rs (target/debug/deps/performance_single_deployment_baseline_tests-72c8d6c7ddf2e4f1)

running 1 test
test performance_single_deployment_baseline_tests ... ok

test result: ok. 1 passed; 0 failed; 0 ignored; 0 measured; 0 filtered out; finished in 0.00s

     Running tests/relational_conformance.rs (target/debug/deps/relational_conformance-9bad7467fbd7c398)

running 59 tests
test adr011_schema_validation_rejects_before_visible_state ... ok
test adr011_typed_missing_fields_remain_sparse ... ok
test adr011_typed_scalar_and_compound_indexes_work ... ok
test adr011_typed_purge_frees_unique_key ... ok
test adr011_typed_schema_less_queue_unaffected ... ok
test adr011_typed_unique_conflicts_are_atomic ... ok
test adr011_typed_update_fields_and_replace_rekey ... ok
test adr011_typed_upsert_insert_unique_conflict_is_atomic ... ok
test claim_compatibility_is_resolved_and_gated ... ok
test claim_empty_when_nothing_eligible ... ok
test claim_returns_priority_ordered_rich_items ... ok
test claim_then_complete_lifecycle ... ok
test claimed_item_shape_includes_payload_fields_and_gate_keys ... ok
test claimed_item_shape_omits_empty_conditionals ... ok
test claimed_item_shape_reflects_update_fields_after_reclaim ... ok
test claimed_item_shape_whole_cohort_omits_per_item_lease_token ... ok
test claimed_view_renders_leased_items ... ok
test commit_transition_explain_commit_shared_scenario_runs_against_postgres_relational ... ok
test commit_transition_shared_scenario_runs_against_postgres_relational ... ok
test epoch_fence_closes_pre_segment_window ... ok
test fenced_lease_finalize_is_stale ... ok
test finalize_of_nonleased_item_is_rejected_without_appending ... ok
test paused_queue_yields_no_claims ... ok
test peek_is_priority_ordered_and_nondestructive ... ok
test pending_lists_leased_items ... ok
test pg_rel_typed_index_purge_frees_unique_key ... ok
test pg_rel_typed_index_push_then_get_unique ... ok
test pg_rel_typed_index_push_then_lookup_nonunique ... ok
test pg_rel_typed_index_replace_pending_updates_index ... ok
test pg_rel_typed_index_schema_less_queue_unaffected ... ok
test pg_rel_typed_index_update_fields_moves_index_key ... ok
test pg_rel_typed_index_update_fields_unique_conflict_is_atomic ... ok
test pg_rel_typed_unique_index_conflict_is_rejected ... ok
test pg_rel_typed_unique_index_within_batch_conflict_rejected ... ok
test postgres_relational_recovery_high_water ... ok
test postgres_relational_truncate_then_recover_exact_state ... ok
test purge_removes_present_items_and_gates_leased ... ok
test push_then_select_eligible_in_priority_order ... ok
test reassign_swaps_token_and_charges_attempt ... ok
test reclaim_expired_sweeps_per_queue ... ok
test reconnect_after_crash_preserves_committed_state ... ok
test reconnect_preserves_leased_item_state ... ok
test reconnect_preserves_terminal_and_pending_state ... ok
test rejected_finalize_leaves_visible_state_unchanged ... ok
test renew_extends_lease_and_rejects ... ok
test replace_pending_supersedes_old ... ok
test request_id_push_replays_once_and_conflicts_on_body_change ... ok
test retry_beyond_max_attempts_goes_terminal ... ok
test retry_with_backoff_defers_eligibility ... ok
test schema_validation_rejects_before_append_and_idempotency_on_postgres_relational ... ok
test stale_epoch_append_is_fenced ... ok
test structured_live_items_are_ordered_and_only_live ... ok
test successful_push_is_visible_before_response_returns ... ok
test tick_lease_boundary_is_half_open ... ok
test tick_reclaims_expired_lease_with_no_client_traffic ... ok
test update_fields_merges_and_cas ... ok
test upsert_inserts_then_replaces_pending ... ok
test upsert_preserves_group_delay_and_payload_in_claim_shape ... ok
test upsert_rejects_claimed_and_terminal ... ok

test result: ok. 59 passed; 0 failed; 0 ignored; 0 measured; 0 filtered out; finished in 0.00s

     Running tests/relational_side_records_and_instance_fences.rs (target/debug/deps/relational_side_records_and_instance_fences-5e90d785331732f8)

running 1 test
test write_side_records_and_advance_instance_fence_persist_and_survive_reconnect ... ok

test result: ok. 1 passed; 0 failed; 0 ignored; 0 measured; 0 filtered out; finished in 0.00s

     Running tests/relational_terminal_reap.rs (target/debug/deps/relational_terminal_reap-55b71a772be6298e)

running 2 tests
test postgres_terminal_reap_sweeps_with_cursor_conjunction ... ok
test terminal_reap_opt_out_ignores_cursor ... ok

test result: ok. 2 passed; 0 failed; 0 ignored; 0 measured; 0 filtered out; finished in 0.00s

     Running tests/tls_connection.rs (target/debug/deps/tls_connection-432f4857bc247033)

running 0 tests

test result: ok. 0 passed; 0 failed; 0 ignored; 0 measured; 0 filtered out; finished in 0.00s

     Running unittests src/lib.rs (target/debug/deps/pqueue_projection-4cb07efddfabc59b)

running 18 tests
test tests::eligibility_key_uses_compact_unpriced_rank ... ok
test tests::default_client_keys_are_derived_without_by_key_entries ... ok
test tests::bounded_relaxed_selection_reorders_within_the_rank_bound ... ok
test tests::eligibility_key_rekeys_when_not_before_changes ... ok
test tests::explicit_client_keys_still_index_and_roundtrip ... ok
test tests::high_water_survives_log_compaction ... ok
test tests::item_version_is_monotonic_per_item ... ok
test tests::metrics_are_maintained_across_lifecycle_replace_and_purge ... ok
test tests::projection_image_does_not_rehydrate_superseded_pending_as_eligible ... ok
test tests::read_from_carries_true_per_entry_epoch_across_an_advance ... ok
test tests::projection_image_roundtrips_full_projection_state ... ok
test tests::reap_ignores_emission_when_disabled ... ok
test tests::rich_eligibility_promotes_compact_fifo_index ... ok
test tests::reap_waits_for_emission ... ok
test tests::td008_observed_retention_only_ignores_emission_cursor ... ok
test tests::td008_observed_retention_only_reap_run ... ok
test tests::td008_observed_terminal_reap_no_premature_deletion ... ok
test tests::td008_observed_terminal_reap_frontier_run ... ok

test result: ok. 18 passed; 0 failed; 0 ignored; 0 measured; 0 filtered out; finished in 0.00s

     Running unittests src/lib.rs (target/debug/deps/pqueue_release-bfb932762c9d5fb9)

running 11 tests
test cost::tests::command_throughput_folds_measured_e0_rates ... ok
test cost::tests::cost_row_is_smoke_tier_and_traceable ... ok
test cost::tests::crossover_when_put_price_cranked ... ok
test cost::tests::real_e3_counts_objectlog_below_postgres ... ok
test cost::tests::iops_floor_and_segment_fill_drive_the_crossover ... ok
test tests::ledger_path_honors_env_override_and_default ... ok
test cost::tests::win_survives_equal_node_pricing ... ok
test tests::missing_evidence_reports_the_gap ... ok
test tests::row_round_trips_jsonl ... ok
test tests::strict_rejects_failed_and_untraceable_rows ... ok
test tests::smoke_tier_evidence_does_not_count_toward_the_headline ... ok

test result: ok. 11 passed; 0 failed; 0 ignored; 0 measured; 0 filtered out; finished in 0.00s

     Running unittests src/bin/pqueue-cost-model.rs (target/debug/deps/pqueue_cost_model-0826b444c99c64f2)

running 0 tests

test result: ok. 0 passed; 0 failed; 0 ignored; 0 measured; 0 filtered out; finished in 0.00s

     Running unittests src/bin/pqueue-verify-ledger.rs (target/debug/deps/pqueue_verify_ledger-38c18111c26665e8)

running 0 tests

test result: ok. 0 passed; 0 failed; 0 ignored; 0 measured; 0 filtered out; finished in 0.00s

     Running tests/ledger_tests.rs (target/debug/deps/ledger_tests-160ab7f1437508a4)

running 5 tests
test empty_ledger_fails_strict ... ok
test missing_file_is_an_error ... ok
test malformed_line_is_rejected ... ok
test appended_rows_validate_and_evidence_is_asserted ... ok
test strict_validation_fails_a_failed_run_row ... ok

test result: ok. 5 passed; 0 failed; 0 ignored; 0 measured; 0 filtered out; finished in 0.00s

     Running tests/td008_evidence.rs (target/debug/deps/td008_evidence-f23b70df8e2bae45)

running 3 tests
test td008_observed_evidence_row_matches_run ... ok
test td008_evidence_bundle_recorded ... ok
test td008_evidence_ledger_rejects_static_attestation ... ok

test result: ok. 3 passed; 0 failed; 0 ignored; 0 measured; 0 filtered out; finished in 15.12s

     Running unittests src/lib.rs (target/debug/deps/pqueue_resp-9d6aefef85d19c4f)

running 22 tests
test cluster::tests::cluster_shards_reply_has_one_master_shard_over_all_slots ... ok
test cluster::tests::cluster_slots_reply_covers_the_whole_space_with_this_node ... ok
test cluster::tests::crc16_matches_the_redis_reference_vector ... ok
test cluster::tests::hash_slot_matches_known_redis_keyslot_values ... ok
test cluster::tests::hash_tag_rule_matches_redis_exactly ... ok
test cluster::tests::node_id_is_stable_and_40_hex ... ok
test cluster::tests::queue_routing_key_is_the_hash_tagged_form_and_slot_matches_the_content ... ok
test drain::tests::a_same_consumer_xclaim_renew_is_never_refused_a_cross_consumer_reassign_is ... ok
test drain::tests::acks_pushes_deletes_are_in_flight ... ok
test drain::tests::new_claim_resolution_honors_the_drain_split ... ok
test drain::tests::reads_and_control_are_classified ... ok
test drain::tests::xclaim_is_runtime_consumer_dependent_xautoclaim_is_a_new_claim ... ok
test drain::tests::xreadgroup_explicit_id_reads_own_pel_in_flight ... ok
test drain::tests::xreadgroup_new_delivery_is_a_new_claim ... ok
test routing::tests::a_non_owner_redirects_to_the_recorded_active_owner_with_the_literal_key_slot ... ok
test routing::tests::a_redirect_to_an_owner_with_no_known_endpoint_is_unavailable ... ok
test routing::tests::an_unassigned_queue_is_unavailable ... ok
test routing::tests::authz_is_checked_before_serve_too ... ok
test routing::tests::the_draining_owner_serves_in_flight_but_refuses_a_new_claim ... ok
test routing::tests::the_live_assigned_owner_serves ... ok
test routing::tests::unauthorized_principal_gets_noperm_and_never_a_redirect ... ok
test tests::forbidden_maps_to_noperm_not_generic_err ... ok

test result: ok. 22 passed; 0 failed; 0 ignored; 0 measured; 0 filtered out; finished in 0.00s

     Running tests/e2e.rs (target/debug/deps/e2e-ae79df75428af71a)

running 22 tests
test cluster_bootstrap_over_the_wire ... ok
test real_cluster_client_bootstraps_and_routes ... ok
test reserved_names_rejected_on_write_paths ... ok
test fenced_lease_xack_is_stale_over_the_wire ... ok
test pq_live_hash_reads_return_structured_fields_until_ack ... ok
test resident_terminal_count_published_in_metrics ... ok
test upsert_and_claim_race_stays_consistent ... ok
test drain_and_reconcile_with_offtheshelf_client ... ok
test xack_of_superseded_id_is_superseded_over_the_wire ... ok
test resp_wire_carries_updated_field_a_and_field_c ... ok
test resp_oracle_does_not_use_backend_echo ... ok
test xadd_on_client_item_key_upserts_not_appends ... ok
test two_servers_on_one_backend_assign_distinct_xadd_ids ... ok
test xadd_collision_with_leased_then_terminal_is_an_error ... ok
test resp_named_consumer_groups_are_wire_fiction_not_persisted ... ok
test xautoclaim_redelivers_expired_leases ... ok
test xpending_lists_leased_then_shrinks_on_ack ... ok
test xlen_xdel_xinfo_over_offtheshelf_client ... ok
test xclaim_self_renews_no_charge_cross_consumer_reclaims_with_attempt_bump ... ok
test xautoclaim_paginates_the_pel_cursor ... ok
test two_consumers_in_a_group_never_get_the_same_item ... ok
test crash_recovery_rebuilds_durable_state_over_the_wire ... ok

test result: ok. 22 passed; 0 failed; 0 ignored; 0 measured; 0 filtered out; finished in 0.83s

     Running unittests src/lib.rs (target/debug/deps/pqueue_server-143e52f4d689798e)

running 45 tests
test change_record_sink::tests::change_record_sink_config_selects_kafka_producer_path ... ok
test change_record_sink::tests::change_record_sink_builds_delivery_request_with_tenant_and_queue_metadata ... ok
test change_record_sink::tests::change_record_sink_defaults_disabled_until_endpoint_is_set ... ok
test change_record_sink::tests::change_record_batch_encodes_key_headers_payload_partition ... ok
test change_record_sink::tests::append_creates_topic_when_absent ... ok
test change_record_sink::tests::change_record_sink_recognizes_kafka_endpoints ... ok
test change_record_sink::tests::change_record_sink_rejects_invalid_endpoint_and_keeps_disabled ... ok
test change_record_sink::tests::change_record_batch_round_trips_through_record_batch_view ... ok
test change_record_sink::tests::change_record_sink_writes_tenant_queue_and_custom_headers ... ok
test change_record_sink::tests::command_kind_wire_serialization_is_stable ... ok
test change_record_sink::tests::change_record_sink_selects_embedded_mode_without_endpoint ... ok
test change_record_sink::tests::change_record_emitter_starts_chosen_sink_only ... ok
test change_record_sink::tests::change_record_sink_external_kafka_mode_uses_rskafka ... ok
test change_record_sink::tests::emit_change_record_tick_does_not_advance_cursor_for_opt_out ... ok
test change_record_sink::tests::emit_change_record_tick_skips_opted_out_queues ... ok
test change_record_sink::tests::produces_batch_records_without_block_in_place ... ok
test change_record_sink::tests::record_key_includes_pq_item_id ... ok
test change_record_sink::tests::listen_and_bootstrap_are_independent ... ok
test change_record_sink::tests::external_kafka_mode_configures_without_binding_broker_port ... ok
test change_record_sink::tests::reject_schemeless_bootstrap_endpoints ... ok
test env_config::tests::defaults_when_env_is_empty ... ok
test env_config::tests::fjord_namespace_config_is_parsed_from_env ... ok
test env_config::tests::hybrid_async_thresholds_default_when_env_absent ... ok
test env_config::tests::hybrid_async_thresholds_parsed_from_env ... ok
test env_config::tests::hybrid_async_zero_poison_retry_threshold_is_rejected ... ok
test env_config::tests::malformed_bootstrap_queue_is_rejected ... ok
test env_config::tests::hybrid_async_zero_threshold_is_rejected ... ok
test env_config::tests::memory_backend_and_scalar_knobs_are_honored ... ok
test env_config::tests::non_objectlog_hybrid_pairing_is_rejected ... ok
test env_config::tests::non_objectlog_hybrid_strict_pairing_is_rejected ... ok
test env_config::tests::non_objectlog_hybrid_async_pairing_is_rejected ... ok
test env_config::tests::objectlog_hybrid_projection_carries_sqlite_path_and_segment_config ... ok
test env_config::tests::objectlog_sqlite_projection_carries_paths_and_segment_config ... ok
test env_config::tests::sqlite_log_path_is_threaded ... ok
test env_config::tests::unwired_pairing_is_rejected ... ok
test env_config::tests::unknown_log_backend_is_rejected ... ok
test env_config::tests::objectlog_hybrid_async_projection_selects_profile_and_carries_paths_and_thresholds ... ok
test env_config::tests::objectlog_hybrid_strict_projection_selects_profile_and_carries_sqlite_path ... ok
test change_record_sink::tests::resolve_change_record_queues_uses_control_plane_definitions ... ok
test object_log_sqlite::recovery_tests::segmented_object_log_inmemory_schema_validation_rejects_before_append_and_idempotency ... ok
test object_log_sqlite::recovery_tests::segmented_object_log_sqlite_schema_validation_rejects_before_append_and_idempotency ... ok
test object_log_sqlite::recovery_tests::object_log_sqlite_schema_validation_rejects_before_append_and_idempotency ... ok
test object_log_sqlite::recovery_tests::file_clean_restart_resumes_at_high_water ... ok
test object_log_sqlite::recovery_tests::segmented_clean_restart_recovers_from_snapshot_not_genesis ... ok
test object_log_sqlite::recovery_tests::segmented_lagging_tail_replayed_exactly_once ... ok

test result: ok. 45 passed; 0 failed; 0 ignored; 0 measured; 0 filtered out; finished in 0.23s

     Running unittests src/bin/pqueue-service.rs (target/debug/deps/pqueue_service-235825776c0b0e9a)

running 0 tests

test result: ok. 0 passed; 0 failed; 0 ignored; 0 measured; 0 filtered out; finished in 0.00s

     Running tests/fjord_surface.rs (target/debug/deps/fjord_surface-c9579ef261537cb3)

running 14 tests
test fjord_dependency_is_git_pinned_no_path_deps ... ok
test kafka_tenant_acl_rejects_cross_queue_read ... ok
test kafka_tenant_acl_rejects_cross_tenant_read ... ok
test kafka_surface_keeps_consumer_group_state_tenant_scoped ... ok
test embedded_fjord_surface_uses_dedicated_namespace_root ... ok
test no_c_kafka_client_dependency ... ok
test fjord_surface_contract_verified_without_rdkafka ... ok
test reject_ambiguous_tenant_queue_mappings ... ok
test reject_kafka_illegal_tenant_and_queue_ids ... ok
test kafka_idempotency_key_is_stable_across_reemit ... ok
test kafka_offset_never_regresses_across_failover ... ok
test kafka_topic_maps_one_queue_to_one_partition ... ok
test startup_does_not_depend_on_fixed_sleep ... ok
test fjord_surface_contract_verified_over_rskafka_consumer ... ok

test result: ok. 14 passed; 0 failed; 0 ignored; 0 measured; 0 filtered out; finished in 0.06s

     Running tests/heimq_protocol_bound_guard.rs (target/debug/deps/heimq_protocol_bound_guard-b67d09f6a7f3484e)

running 2 tests
test upstream_kafka_protocol_is_absent_from_the_lock ... ok
test heimq_protocol_vendored_codec_is_present ... ok

test result: ok. 2 passed; 0 failed; 0 ignored; 0 measured; 0 filtered out; finished in 0.00s

     Running tests/performance_object_log_e3_live_tests.rs (target/debug/deps/performance_object_log_e3_live_tests-29a66a8360d3c298)

running 1 test
test performance_object_log_e3_live_tests ... ok

test result: ok. 1 passed; 0 failed; 0 ignored; 0 measured; 0 filtered out; finished in 0.00s

     Running tests/performance_object_log_hybrid_tests.rs (target/debug/deps/performance_object_log_hybrid_tests-05ed8620159b3921)

running 13 tests
test object_store_utilization_s3_cost_uses_request_and_storage_inputs ... ok
test object_store_utilization_inserts_release_ledger_fields ... ok
test performance_object_log_hybrid_release_10m ... ignored, 10M resident release-tier evidence; run explicitly in a provisioned perf lane
test performance_object_log_hybrid_distribution_pins ... ok
test performance_object_log_hybrid_deferred_flush_chunking ... ok
test performance_object_log_hybrid_async_apply_exactly_once ... ok
test performance_object_log_hybrid_tail_replay_after_partial_sqlite_high_water ... ok
test performance_object_log_hybrid_cache_matrix_smoke ... ok
test performance_object_log_hybrid_scale_matrix ... ok
test performance_object_log_hybrid_attribution ... ok
test performance_object_log_hybrid_smoke ... ok
test performance_object_log_hybrid_bounded_debt_gate ... ok
test performance_object_log_hybrid_segment_density_gate ... ok

test result: ok. 12 passed; 0 failed; 1 ignored; 0 measured; 0 filtered out; finished in 7.93s

     Running tests/postgres_composed_projections.rs (target/debug/deps/postgres_composed_projections-de55882270dfff1a)

running 0 tests

test result: ok. 0 passed; 0 failed; 0 ignored; 0 measured; 0 filtered out; finished in 0.00s

     Running tests/postgres_native.rs (target/debug/deps/postgres_native-8c01e9450667db84)

running 0 tests

test result: ok. 0 passed; 0 failed; 0 ignored; 0 measured; 0 filtered out; finished in 0.00s

     Running tests/server.rs (target/debug/deps/server-2f9f3a6a3566c654)

running 28 tests
test change_record_sink_rejected_on_unwired_profile ... ok
test cached_owner_epoch_fences_real_claim_path_after_reassignment ... ok
test cached_owner_epoch_fences_real_push_path_after_reassignment ... ok
test draining_owner_refuses_new_claim_but_serves_inflight_epoch ... ok
test draining_owner_releases_managed_queue_after_inflight_clears ... ok
test boots_and_is_drivable_by_offtheshelf_redis_client ... ok
test resolve_node_id_uses_small_ints_verbatim_and_hashes_the_rest ... ok
test ownership_runtime_routes_wrong_node_to_moved ... ok
test emit_enabled_queues_reap_terminal_items_only_after_cursor_reaches_terminal_record ... ok
test background_reclaim_recovers_orphaned_lease_without_client_traffic ... ok
test shutdown_and_drain_drains_in_flight_then_stops_accepting ... ok
test standby_owner_acquires_managed_queue_after_expiry ... ok
test resp_misrouted_write_emits_moved_to_active_owner ... ok
test start_provisions_queues_and_serves_end_to_end ... ok
test terminal_emission_metrics_reach_server_surface ... ok
test resp_xclaim_drain_split_renews_inflight_and_refuses_reassign ... ok
test change_record_sink_rejected_without_durable_cursor_store ... ok
test objectlog_hybrid_force_seals_before_claim_and_fences_stale_epoch ... ok
test objectlog_hybrid_async_chaos_crash_mid_lease_neither_redelivers_nor_loses ... ok
test objectlog_hybrid_request_id_replays_after_reopen ... ok
test objectlog_hybrid_async_push_claim_finalize_and_recovers_on_reopen ... ok
test objectlog_hybrid_push_claim_finalize_and_recovers_on_reopen ... ok
test objectlog_hybrid_async_chaos_disk_loss_replays_retained_object_log ... ok
test objectlog_sqlite_runtime_reopens_rebuilds_and_keeps_item_ids_advancing ... ok
test objectlog_hybrid_disk_loss_replays_retained_object_log ... ok
test segmented_objectlog_sqlite_push_claim_finalize_and_recovers_on_reopen ... ok
test change_record_sink_delivers ... ok
test change_record_sink_failure_isolation ... ok

test result: ok. 28 passed; 0 failed; 0 ignored; 0 measured; 0 filtered out; finished in 10.38s

     Running unittests src/lib.rs (target/debug/deps/pqueue_sqlite-79d37df76d69e601)

running 14 tests
test relational::group_summary_tests::push_without_request_id_still_appends_each_call ... ok
test relational::group_summary_tests::request_id_push_replays_prior_ids_without_second_append ... ok
test relational::group_summary_tests::request_id_push_conflicts_on_different_body ... ok
test relational::group_summary_tests::cohort_expired_drains_the_group_summary ... ok
test relational::group_summary_tests::sqlite_terminal_reap_opt_out_ignores_cursor ... ok
test relational::group_summary_tests::pending_purge_records_no_retention_tombstone ... ok
test relational::group_summary_tests::sqlite_terminal_reap_sweeps_with_cursor_conjunction ... ok
test relational::group_summary_tests::lease_expiry_returns_item_to_the_group_summary ... ok
test relational::group_summary_tests::group_summary_tracks_eligibility_through_the_lifecycle ... ok
test relational::group_summary_tests::group_batching_discovers_group_that_becomes_due_by_time ... ok
test relational::group_summary_tests::finalize_release_returns_item_to_the_group_summary ... ok
test relational::group_summary_tests::same_group_claim_discovers_group_that_becomes_due_by_time ... ok
test relational::group_summary_tests::due_refresh_keeps_gate_blocked_groups_unclaimable ... ok
test relational::group_summary_tests::group_summary_survives_reopen ... ok

test result: ok. 14 passed; 0 failed; 0 ignored; 0 measured; 0 filtered out; finished in 0.09s

     Running tests/composed_commit_duplicate_unique_index.rs (target/debug/deps/composed_commit_duplicate_unique_index-8dcaf51b3ac46244)

running 2 tests
test composed_sqlite_relational_rejects_in_commit_duplicate_unique_key_and_reopens_clean ... ok
test composed_sqlite_log_rejects_in_commit_duplicate_unique_key_and_reopens_clean ... ok

test result: ok. 2 passed; 0 failed; 0 ignored; 0 measured; 0 filtered out; finished in 0.66s

     Running tests/composed_log_projection_reconnect.rs (target/debug/deps/composed_log_projection_reconnect-b24b0d74e7b0b759)

running 4 tests
test reconnect_after_crash_preserves_committed_state ... ok
test reconnect_preserves_terminal_and_pending_state ... ok
test reconnect_after_rejected_mutation_has_no_phantom_commit ... ok
test reconnect_preserves_leased_item_state ... ok

test result: ok. 4 passed; 0 failed; 0 ignored; 0 measured; 0 filtered out; finished in 1.33s

     Running tests/composed_log_reconnect.rs (target/debug/deps/composed_log_reconnect-df588dd7cd547400)

running 5 tests
test reconnect_after_crash_preserves_committed_state ... ok
test reconnect_after_rejected_mutation_has_no_phantom_commit ... ok
test reconnect_preserves_leased_item_state ... ok
test reconnect_preserves_terminal_and_pending_state ... ok
test emission_cursor_persists_across_reopen_sqlite_log ... ok

test result: ok. 5 passed; 0 failed; 0 ignored; 0 measured; 0 filtered out; finished in 1.08s

     Running tests/composed_relational_parity.rs (target/debug/deps/composed_relational_parity-b05cb99ffc8c9270)

running 8 tests
test composed_log_replay_discovery_stays_unavailable ... ok
test composed_log_replay_claim_stays_unavailable_for_non_item_units ... ok
test composed_relational_fenced_rich_claim_leaves_group_summary_unchanged ... ok
test composed_relational_set_gates_and_gate_bearing_push_accepted ... ok
test composed_relational_discover_active_scopes_rolls_up ... ok
test composed_relational_whole_cohort_claim_selects_and_leases ... ok
test composed_relational_same_group_key_claim_selects ... ok
test composed_relational_whole_group_claim_selects ... ok

test result: ok. 8 passed; 0 failed; 0 ignored; 0 measured; 0 filtered out; finished in 0.02s

     Running tests/composed_relational_reconnect.rs (target/debug/deps/composed_relational_reconnect-486503cff125d084)

running 8 tests
test reconnect_after_crash_preserves_committed_state ... ok
test reconnect_preserves_terminal_and_pending_state ... ok
test composed_relational_recover_replays_tail ... ok
test emission_cursor_persists_across_reopen_sqlite_relational ... ok
test reconnect_after_rejected_mutation_has_no_phantom_commit ... ok
test composed_relational_recovery_seeds_counters ... ok
test reconnect_preserves_leased_item_state ... ok
test composed_relational_reap_all_does_not_resurrect_ids ... ok

test result: ok. 8 passed; 0 failed; 0 ignored; 0 measured; 0 filtered out; finished in 0.22s

     Running tests/composed_relational_terminal_reap.rs (target/debug/deps/composed_relational_terminal_reap-5577f549c0fbeb70)

running 2 tests
test reap_ignores_emission_cursor_for_opted_out_queue ... ok
test reap_waits_for_emission_cursor_on_opted_in_queue ... ok

test result: ok. 2 passed; 0 failed; 0 ignored; 0 measured; 0 filtered out; finished in 0.01s

     Running tests/conformance.rs (target/debug/deps/conformance-ff66bf7f303a77de)

running 42 tests
test claim_empty_when_nothing_eligible ... ok
test claimed_item_shape_includes_payload_fields_and_gate_keys ... ok
test high_water_advances_on_each_commit ... ok
test claim_fences_superseded_owner_epoch ... ok
test claimed_view_renders_leased_items ... ok
test fenced_lease_finalize_is_stale ... ok
test claim_compatibility_is_resolved_and_gated ... ok
test epoch_fence_closes_pre_segment_window ... ok
test claimed_item_shape_omits_empty_conditionals ... ok
test claim_returns_priority_ordered_rich_items ... ok
test claim_then_complete_lifecycle ... ok
test snapshots_write_read_latest ... ok
test structured_live_items_are_ordered_and_only_live ... ok
test claimed_item_shape_reflects_update_fields_after_reclaim ... ok
test stale_epoch_append_is_fenced ... ok
test tick_lease_boundary_is_half_open ... ok
test successful_push_is_visible_before_response_returns ... ok
test upsert_inserts_then_replaces_pending ... ok
test tick_reclaims_expired_lease_with_no_client_traffic ... ok
test update_fields_merges_and_cas ... ok
test upsert_preserves_group_delay_and_payload_in_claim_shape ... ok
test commit_transition_shared_scenario_runs_against_sqlite_log_replay ... ok
test upsert_rejects_claimed_and_terminal ... ok
test pending_lists_leased_items ... ok
test high_water_is_monotonic ... ok
test replace_pending_supersedes_old ... ok
test request_id_push_replays_once_and_conflicts_on_body_change ... ok
test finalize_of_nonleased_item_is_rejected_without_appending ... ok
test paused_queue_yields_no_claims ... ok
test reclaim_expired_sweeps_per_queue ... ok
test peek_is_priority_ordered_and_nondestructive ... ok
test renew_extends_lease_and_rejects ... ok
test purge_removes_present_items_and_gates_leased ... ok
test rejected_mutations_do_not_append_commands ... ok
test push_fences_superseded_owner_epoch ... ok
test rejected_finalize_leaves_visible_state_unchanged ... ok
test push_then_select_eligible_in_priority_order ... ok
test retry_with_backoff_defers_eligibility ... ok
test reassign_swaps_token_and_charges_attempt ... ok
test retry_beyond_max_attempts_goes_terminal ... ok
test claim_with_explicit_eligibility_time ... ok
test pause_and_fence_reconstruct_from_log ... ok

test result: ok. 42 passed; 0 failed; 0 ignored; 0 measured; 0 filtered out; finished in 0.06s

     Running tests/cross_family_parity.rs (target/debug/deps/cross_family_parity-fa9f5457e56e30fb)

running 1 test
test in_memory_and_relational_families_are_core_identical ... ok

test result: ok. 1 passed; 0 failed; 0 ignored; 0 measured; 0 filtered out; finished in 0.01s

     Running tests/durability.rs (target/debug/deps/durability-e0ec63e7a50fc027)

running 4 tests
test snapshots_round_trip_and_latest_is_most_recent ... ok
test high_water_persists_across_reopen ... ok
test projection_rebuilds_from_durable_log_on_reopen ... ok
test orchestration_writes_after_reopen_do_not_collide ... ok

test result: ok. 4 passed; 0 failed; 0 ignored; 0 measured; 0 filtered out; finished in 0.67s

     Running tests/hybrid_async_backpressure.rs (target/debug/deps/hybrid_async_backpressure-c1d91753b2ef376c)

running 13 tests
test hybrid_async_backpressure_a_clean_batch_resets_the_consecutive_retry_count_before_poison ... ok
test hybrid_async_backpressure_admission_gate_rejects_mutations_only_under_hard_backpressure ... ok
test hybrid_async_backpressure_backpressure_count_and_duration_are_tracked ... ok
test hybrid_async_backpressure_any_single_metric_at_its_hard_limit_trips_backpressure ... ok
test hybrid_async_backpressure_debt_crosses_soft_then_hard_bands ... ok
test hybrid_async_backpressure_metrics_snapshot_exposes_the_full_observability_surface ... ok
test hybrid_async_backpressure_hard_backpressure_holds_until_debt_clears_below_half_after_a_clean_batch ... ok
test hybrid_async_backpressure_non_contiguous_apply_poisons_immediately ... ok
test hybrid_async_backpressure_recovery_high_water_is_withheld_under_hard_backpressure_and_poison ... ok
test hybrid_async_backpressure_repeated_apply_failure_poisons_and_fails_closed ... ok
test hybrid_async_backpressure_retention_advances_only_when_clear_and_healthy ... ok
test hybrid_async_backpressure_zero_threshold_is_rejected ... ok
test hybrid_async_backpressure_checkpoint_store_reports_wal_size_and_apply_lag ... ok

test result: ok. 13 passed; 0 failed; 0 ignored; 0 measured; 0 filtered out; finished in 0.00s

     Running tests/hybrid_async_chaos.rs (target/debug/deps/hybrid_async_chaos-a4b7c9accd8fdc16)

running 10 tests
test hybrid_async_chaos_apply_backlog_gates_mutations_and_withholds_high_water_until_drained ... ok
test hybrid_async_chaos_disk_full_apply_failure_poisons_and_never_advances_past_poison ... ok
test hybrid_async_chaos_crash_after_high_water_replays_committed_batch_idempotently ... ok
test hybrid_async_chaos_crash_during_sqlite_txn_leaves_no_partial_apply_or_orphan_lease ... ok
test hybrid_async_chaos_crash_after_objectlog_commit_before_apply_replays_full_tail ... ok
test hybrid_async_chaos_crash_before_response_delivery_replays_request_id ... ok
test hybrid_async_chaos_crash_after_memory_apply_before_sqlite_apply_resumes_at_prefix ... ok
test hybrid_async_chaos_projection_poison_withholds_advanced_high_water ... ok
test hybrid_async_chaos_rolled_back_finalize_keeps_recoverable_inflight_lease ... ok
test hybrid_async_chaos_disk_loss_resets_high_water_and_rebuilds_from_log ... ok

test result: ok. 10 passed; 0 failed; 0 ignored; 0 measured; 0 filtered out; finished in 0.26s

     Running tests/hybrid_async_checkpoint.rs (target/debug/deps/hybrid_async_checkpoint-841a159824d78f2e)

running 7 tests
test hybrid_async_checkpoint_wraps_an_existing_projection_store ... ok
test hybrid_async_checkpoint_persists_idempotency_rows_through_high_water ... ok
test hybrid_async_checkpoint_records_object_log_lineage ... ok
test hybrid_async_checkpoint_skips_already_applied_prefix_idempotently ... ok
test hybrid_async_checkpoint_applies_ordered_batches_and_advances_logical_high_water ... ok
test hybrid_async_checkpoint_distinguishes_logical_high_water_from_wal_checkpoint ... ok
test hybrid_async_checkpoint_survives_reopen_and_rehydrates_memory ... ok

test result: ok. 7 passed; 0 failed; 0 ignored; 0 measured; 0 filtered out; finished in 0.35s

     Running tests/hybrid_async_recovery.rs (target/debug/deps/hybrid_async_recovery-40e3c66d40e03173)

running 4 tests
test hybrid_async_recovery_fails_closed_on_newer_lineage_epoch ... ok
test hybrid_async_recovery_no_lineage_still_checks_high_water ... ok
test hybrid_async_recovery_fails_closed_when_sqlite_ahead_of_log ... ok
test hybrid_async_recovery_hydrates_validates_and_advertises_high_water ... ok

test result: ok. 4 passed; 0 failed; 0 ignored; 0 measured; 0 filtered out; finished in 0.14s

     Running tests/ownership_restart.rs (target/debug/deps/ownership_restart-97e2260abfa832a9)

running 1 test
test ownership_restart_reacquire_serves_push_claim ... ok

test result: ok. 1 passed; 0 failed; 0 ignored; 0 measured; 0 filtered out; finished in 0.00s

     Running tests/reconnect_smoke.rs (target/debug/deps/reconnect_smoke-f6d35b35b53c55fb)

running 4 tests
test reconnect_after_crash_preserves_committed_state ... ok
test reconnect_after_rejected_mutation_has_no_phantom_commit ... ok
test reconnect_preserves_leased_item_state ... ok
test reconnect_preserves_terminal_and_pending_state ... ok

test result: ok. 4 passed; 0 failed; 0 ignored; 0 measured; 0 filtered out; finished in 1.03s

     Running tests/relational_commit.rs (target/debug/deps/relational_commit-943072e80a76111f)

running 6 tests
test relational_advertises_full_commit_capabilities ... ok
test relational_commit_advances_validates_and_rejects_instance_fence ... ok
test relational_commit_request_id_replays_without_double_write ... ok
test schema_validation_rejects_before_append_and_idempotency_on_sqlite_relational ... ok
test relational_explain_commit_recovers_transition_and_survives_reopen ... ok
test relational_commit_rejects_bad_token_and_bad_version_without_writing ... ok

test result: ok. 6 passed; 0 failed; 0 ignored; 0 measured; 0 filtered out; finished in 0.27s

     Running tests/relational_conformance.rs (target/debug/deps/relational_conformance-b9bcf30c21f675e0)

running 170 tests
test claim_compatibility_is_resolved_and_gated ... ok
test any_blocked_key_hides_a_multi_gate_item ... ok
test adr011_typed_schema_less_queue_unaffected ... ok
test adr011_typed_unique_conflicts_are_atomic ... ok
test adr011_typed_scalar_and_compound_indexes_work ... ok
test claim_apply_leases_and_charges_delivery ... ok
test adr011_typed_update_fields_and_replace_rekey ... ok
test blocked_gate_hides_items_then_clear_restores ... ok
test adr011_typed_update_fields_unique_conflict_is_atomic ... ok
test adr011_typed_purge_frees_unique_key ... ok
test adr011_typed_upsert_insert_unique_conflict_is_atomic ... ok
test adr011_typed_missing_fields_remain_sparse ... ok
test blocked_gate_on_a_cohort_member_blocks_the_whole_cohort ... ok
test adr011_schema_validation_rejects_before_visible_state ... ok
test claim_empty_when_nothing_eligible ... ok
test claim_then_complete_lifecycle ... ok
test composed::claim_compatibility_is_resolved_and_gated ... ok
test claimed_view_renders_leased_items ... ok
test composed::claim_empty_when_nothing_eligible ... ok
test composed::claim_then_complete_lifecycle ... ok
test claimed_item_shape_omits_empty_conditionals ... ok
test composed::claim_returns_priority_ordered_rich_items ... ok
test cohort_push_rejects_divergent_size_and_overfill ... ok
test claimed_item_shape_whole_cohort_omits_per_item_lease_token ... ok
test claim_returns_priority_ordered_rich_items ... ok
test cohort_expired_fails_group_members ... ok
test composed::claimed_item_shape_omits_empty_conditionals ... ok
test composed::claimed_view_renders_leased_items ... ok
test cohort_renew_and_finalize_release_as_a_unit ... ok
test composed::epoch_fence_closes_pre_segment_window ... ok
test composed::finalize_of_nonleased_item_is_rejected_without_appending ... ok
test composed::paused_queue_yields_no_claims ... ok
test composed::push_then_select_eligible_in_priority_order ... ok
test composed::pending_lists_leased_items ... ok
test composed::peek_is_priority_ordered_and_nondestructive ... ok
test composed::fenced_lease_finalize_is_stale ... ok
test composed::purge_removes_present_items_and_gates_leased ... ok
test composed::reassign_swaps_token_and_charges_attempt ... ok
test composed::reclaim_expired_sweeps_per_queue ... ok
test composed::rejected_finalize_leaves_visible_state_unchanged ... ok
test composed::request_id_push_replays_once_and_conflicts_on_body_change ... ok
test composed::stale_epoch_append_is_fenced ... ok
test composed::replace_pending_supersedes_old ... ok
test composed::renew_extends_lease_and_rejects ... ok
test composed::retry_with_backoff_defers_eligibility ... ok
test claimed_item_shape_reflects_update_fields_after_reclaim ... ok
test composed::successful_push_is_visible_before_response_returns ... ok
test composed::structured_live_items_are_ordered_and_only_live ... ok
test composed::tick_lease_boundary_is_half_open ... ok
test composed::retry_beyond_max_attempts_goes_terminal ... ok
test commit_transition_shared_scenario_runs_against_sqlite_relational ... ok
test claimed_item_shape_includes_payload_fields_and_gate_keys ... ok
test composed::tick_reclaims_expired_lease_with_no_client_traffic ... ok
test composed::upsert_inserts_then_replaces_pending ... ok
test composed::claimed_item_shape_includes_payload_fields_and_gate_keys ... ok
test composed::upsert_rejects_claimed_and_terminal ... ok
test composed::update_fields_merges_and_cas ... ok
test composed::claimed_item_shape_reflects_update_fields_after_reclaim ... ok
test composed::upsert_preserves_group_delay_and_payload_in_claim_shape ... ok
test composed_log_projection::claimed_item_shape_includes_payload_fields_and_gate_keys ... ok
test composed_log_projection::claim_empty_when_nothing_eligible ... ok
test composed_log_projection::claim_compatibility_is_resolved_and_gated ... ok
test composed_log_projection::claim_returns_priority_ordered_rich_items ... ok
test composed_log_projection::claimed_item_shape_omits_empty_conditionals ... ok
test composed_log_projection::claim_then_complete_lifecycle ... ok
test composed_log_projection::claimed_view_renders_leased_items ... ok
test composed_log_projection::epoch_fence_closes_pre_segment_window ... ok
test composed_log_projection::high_water_is_monotonic ... ok
test composed_log_projection::finalize_of_nonleased_item_is_rejected_without_appending ... ok
test composed_log_projection::pending_lists_leased_items ... ok
test composed_log_projection::high_water_advances_on_each_commit ... ok
test composed_log_projection::peek_is_priority_ordered_and_nondestructive ... ok
test composed_log_projection::paused_queue_yields_no_claims ... ok
test composed_log_projection::fenced_lease_finalize_is_stale ... ok
test composed_log_projection::push_then_select_eligible_in_priority_order ... ok
test composed_log_projection::purge_removes_present_items_and_gates_leased ... ok
test composed_log_projection::rejected_mutations_do_not_append_commands ... ok
test composed_log_projection::reclaim_expired_sweeps_per_queue ... ok
test composed_log_projection::reassign_swaps_token_and_charges_attempt ... ok
test composed_log_projection::rejected_finalize_leaves_visible_state_unchanged ... ok
test composed_log_projection::request_id_push_replays_once_and_conflicts_on_body_change ... ok
test composed_log_projection::renew_extends_lease_and_rejects ... ok
test composed_log_projection::replace_pending_supersedes_old ... ok
test composed_log_projection::snapshots_write_read_latest ... ok
test composed_log_projection::retry_with_backoff_defers_eligibility ... ok
test composed_log_projection::retry_beyond_max_attempts_goes_terminal ... ok
test composed_log_projection::stale_epoch_append_is_fenced ... ok
test composed_log_projection::structured_live_items_are_ordered_and_only_live ... ok
test composed_log_projection::tick_reclaims_expired_lease_with_no_client_traffic ... ok
test composed::claim_with_explicit_eligibility_time ... ok
test composed_log_projection::successful_push_is_visible_before_response_returns ... ok
test composed_log_projection::tick_lease_boundary_is_half_open ... ok
test discover_empty_queue_is_empty ... ok
test composed_log_projection::update_fields_merges_and_cas ... ok
test discover_unknown_queue_is_empty_not_error ... ok
test composed_log_projection::upsert_inserts_then_replaces_pending ... ok
test composed_log_projection::claimed_item_shape_reflects_update_fields_after_reclaim ... ok
test discover_reports_scopes_on_a_paused_queue ... ok
test discover_queue_granularity_rolls_up_to_one_scope ... ok
test discover_excludes_groups_with_no_eligible_work ... ok
test epoch_fence_closes_pre_segment_window ... ok
test claim_with_explicit_eligibility_time ... ok
test discover_group_granularity_ranks_oldest_first ... ok
test finalize_of_nonleased_item_is_rejected_without_appending ... ok
test fence_then_unfence_gate_finalize ... ok
test composed_log_projection::upsert_preserves_group_delay_and_payload_in_claim_shape ... ok
test fenced_lease_finalize_is_stale ... ok
test composed_log_projection::upsert_rejects_claimed_and_terminal ... ok
test composed_log_projection::pause_and_fence_reconstruct_from_log ... ok
test group_batching_empty_and_invalid ... ok
test finalize_retry_respects_attempt_bound ... ok
test group_batching_leases_whole_groups_oldest_first ... ok
test group_batching_oversized_group_is_batch_too_large ... ok
test paused_queue_yields_no_claims ... ok
test peek_is_priority_ordered_and_nondestructive ... ok
test group_batching_respects_the_max_items_ceiling ... ok
test item_level_finalize_and_renew_reject_cohort_members ... ok
test pending_lists_leased_items ... ok
test group_claim_yields_nothing_while_paused ... ok
test purge_removes_items_and_gates_leased ... ok
test purged_terminal_key_is_retained_against_repush ... ok
test purge_removes_present_items_and_gates_leased ... ok
test push_then_select_eligible_in_priority_order ... ok
test reassign_swaps_token_and_charges_delivery ... ok
test reassign_swaps_token_and_charges_attempt ... ok
test reclaim_expired_sweeps_per_queue ... ok
test rejected_finalize_leaves_visible_state_unchanged ... ok
test renew_extends_lease_deadline ... ok
test reclaim_tick_expires_incomplete_cohort ... ok
test released_item_keeps_its_fifo_slot ... ok
test renew_extends_lease_and_rejects ... ok
test replace_pending_supersedes_old ... ok
test request_id_push_replays_once_and_conflicts_on_body_change ... ok
test finalize_complete_and_fail_are_terminal ... ok
test retry_with_backoff_defers_eligibility ... ok
test finalize_release_and_rearm_return_to_pending ... ok
test retry_beyond_max_attempts_goes_terminal ... ok
test sqlite_relational_conformance_historical_projection_read_is_explicit ... ok
test same_group_key_leases_one_server_selected_group ... ok
test stale_epoch_append_is_fenced ... ok
test structured_live_items_are_ordered_and_only_live ... ok
test successful_push_is_visible_before_response_returns ... ok
test sqlite_relational_log_replay_branch_read_as_of ... ok
test tick_lease_boundary_is_half_open ... ok
test tick_reclaims_expired_lease ... ok
test typed_index_purge_frees_unique_key ... ok
test tick_reclaims_expired_lease_with_no_client_traffic ... ok
test typed_index_push_then_lookup_nonunique ... ok
test typed_index_push_then_get_unique ... ok
test typed_index_schema_less_queue_unaffected ... ok
test typed_index_replace_pending_updates_index ... ok
test typed_index_update_fields_moves_index_key ... ok
test terminal_cohort_retention_blocks_then_allows_group_reuse_with_new_id ... ok
test typed_index_update_fields_unique_conflict_is_atomic ... ok
test typed_unique_index_within_batch_conflict_rejected ... ok
test typed_unique_index_conflict_is_rejected ... ok
test upsert_inserts_then_replaces_pending ... ok
test ungated_items_are_unaffected_by_a_blocked_gate ... ok
test update_fields_merges_and_cas ... ok
test upsert_rejects_claimed_and_terminal ... ok
test upsert_inserts_then_replaces_then_rejects ... ok
test whole_cohort_skips_when_a_member_is_not_eligible ... ok
test composed_log_projection::claim_with_explicit_eligibility_time ... ok
test whole_cohort_oversized_is_batch_too_large ... ok
test upsert_preserves_group_delay_and_payload_in_claim_shape ... ok
test whole_cohort_skips_an_incomplete_cohort ... ok
test whole_cohort_leases_a_complete_cohort ... ok
test whole_cohort_ignores_non_cohort_group_members ... ok
test typed_index_reopen_preserves_rows ... ok
test reopen_restores_id_counter_and_state ... ok

test result: ok. 170 passed; 0 failed; 0 ignored; 0 measured; 0 filtered out; finished in 0.75s

     Running tests/relational_reconnect.rs (target/debug/deps/relational_reconnect-1ad9413c844c0555)

running 10 tests
test recovery_high_water_tracks_applied_position_after_reopen ... ok
test leased_item_survives_reopen_but_loses_its_live_token ... ok
test reopened_queue_accepts_new_push_and_claim ... ok
test retention_tombstone_survives_reopen ... ok
test reconnect_after_crash_preserves_committed_state ... ok
test reconnect_preserves_terminal_and_pending_state ... ok
test reconnect_after_rejected_mutation_has_no_phantom_commit ... ok
test reconnect_preserves_leased_item_state ... ok
test truncate_then_recover_exact_state ... ok
test open_upgrades_existing_relational_items_table_with_metadata_column ... ok

test result: ok. 10 passed; 0 failed; 0 ignored; 0 measured; 0 filtered out; finished in 0.37s

     Running tests/sqlite_projection_tests.rs (target/debug/deps/sqlite_projection_tests-2f0819bd7d351256)

running 10 tests
test projection_rejects_replay_gaps ... ok
test hybrid_projection_poisoned_after_sqlite_commit_memory_apply_failure ... ok
test hybrid_chaos_replay_overlap_skips_idempotent_prefix_and_applies_tail ... ok
test apply_committed_batch_applies_segment_in_one_transaction ... ok
test hybrid_projection_hydrates_from_sqlite_before_returning_high_water ... ok
test projection_replays_committed_push_claim_finalize ... ok
test hybrid_chaos_secondary_index_and_metrics_match_sqlite_image ... ok
test hybrid_projection_applies_sqlite_first_and_serves_memory_parity ... ok
test sqlite_projection_image_exports_hydratable_recovery_image ... ok
test hybrid_chaos_sqlite_commit_before_memory_failure_poisons_and_recovers ... ok

test result: ok. 10 passed; 0 failed; 0 ignored; 0 measured; 0 filtered out; finished in 0.16s

   Doc-tests pqueue

running 1 test
test crates/pqueue/src/lib.rs - ClaimAt (line 210) - compile ... ok

test result: ok. 1 passed; 0 failed; 0 ignored; 0 measured; 0 filtered out; finished in 0.00s

all doctests ran in 1.38s; merged doctests compilation took 1.36s
   Doc-tests pqueue_conformance

running 2 tests
test crates/pqueue-conformance/src/lib.rs - (line 10) ... ignored
test crates/pqueue-conformance/src/lib.rs - (line 16) ... ignored

test result: ok. 0 passed; 0 failed; 2 ignored; 0 measured; 0 filtered out; finished in 0.00s

all doctests ran in 0.32s; merged doctests compilation took 0.32s
   Doc-tests pqueue_core

running 0 tests

test result: ok. 0 passed; 0 failed; 0 ignored; 0 measured; 0 filtered out; finished in 0.00s

   Doc-tests pqueue_engine

running 0 tests

test result: ok. 0 passed; 0 failed; 0 ignored; 0 measured; 0 filtered out; finished in 0.00s

   Doc-tests pqueue_memory

running 0 tests

test result: ok. 0 passed; 0 failed; 0 ignored; 0 measured; 0 filtered out; finished in 0.00s

   Doc-tests pqueue_objectlog

running 0 tests

test result: ok. 0 passed; 0 failed; 0 ignored; 0 measured; 0 filtered out; finished in 0.00s

   Doc-tests pqueue_postgres

running 0 tests

test result: ok. 0 passed; 0 failed; 0 ignored; 0 measured; 0 filtered out; finished in 0.00s

   Doc-tests pqueue_projection

running 0 tests

test result: ok. 0 passed; 0 failed; 0 ignored; 0 measured; 0 filtered out; finished in 0.00s

   Doc-tests pqueue_release

running 0 tests

test result: ok. 0 passed; 0 failed; 0 ignored; 0 measured; 0 filtered out; finished in 0.00s

   Doc-tests pqueue_resp

running 0 tests

test result: ok. 0 passed; 0 failed; 0 ignored; 0 measured; 0 filtered out; finished in 0.00s

   Doc-tests pqueue_server

running 0 tests

test result: ok. 0 passed; 0 failed; 0 ignored; 0 measured; 0 filtered out; finished in 0.00s

   Doc-tests pqueue_sqlite

running 0 tests

test result: ok. 0 passed; 0 failed; 0 ignored; 0 measured; 0 filtered out; finished in 0.00s

--- bench evidence suites (separate workspace; emits E2 smoke rows) ---
   Compiling proc-macro2 v1.0.106
   Compiling quote v1.0.46
   Compiling unicode-ident v1.0.24
   Compiling libc v0.2.186
   Compiling serde_core v1.0.228
   Compiling serde v1.0.228
   Compiling cfg-if v1.0.4
   Compiling memchr v2.8.2
   Compiling stable_deref_trait v1.2.1
   Compiling autocfg v1.5.1
   Compiling smallvec v1.15.2
   Compiling typenum v1.20.1
   Compiling version_check v0.9.5
   Compiling getrandom v0.3.4
   Compiling zerocopy v0.8.52
   Compiling cmov v0.5.4
   Compiling litemap v0.8.2
   Compiling writeable v0.6.3
   Compiling once_cell v1.21.4
   Compiling icu_properties_data v2.2.0
   Compiling zmij v1.0.21
   Compiling icu_normalizer_data v2.2.0
   Compiling utf8_iter v1.0.4
   Compiling const-oid v0.10.2
   Compiling serde_json v1.0.150
   Compiling cpufeatures v0.3.0
   Compiling base64 v0.22.1
   Compiling ref-cast v1.0.25
   Compiling itoa v1.0.18
   Compiling percent-encoding v2.3.2
   Compiling regex-syntax v0.8.11
   Compiling bit-vec v0.8.0
   Compiling borrow-or-share v0.2.4
   Compiling lazy_static v1.5.0
   Compiling outref v0.5.2
   Compiling vsimd v0.8.0
   Compiling uuid v1.23.4
   Compiling pin-project-lite v0.2.17
   Compiling num-cmp v0.1.0
   Compiling futures-sink v0.3.32
   Compiling bytecount v0.6.9
   Compiling futures-core v0.3.32
   Compiling ctutils v0.4.2
   Compiling futures-task v0.3.32
   Compiling futures-io v0.3.32
   Compiling rand_core v0.10.1
   Compiling getrandom v0.4.3
   Compiling tinyvec_macros v0.1.1
   Compiling slab v0.4.12
   Compiling shlex v2.0.1
   Compiling find-msvc-tools v0.1.9
   Compiling bit-set v0.8.0
   Compiling tinyvec v1.11.0
   Compiling vcpkg v0.2.15
   Compiling unicode-bidi v0.3.18
   Compiling ahash v0.8.12
   Compiling futures-channel v0.3.32
   Compiling rustc-hash v2.1.2
   Compiling chacha20 v0.10.1
   Compiling parking_lot_core v0.9.12
   Compiling thiserror v2.0.18
   Compiling unicode-properties v0.1.4
   Compiling pkg-config v0.3.33
   Compiling fallible-iterator v0.2.0
   Compiling byteorder v1.5.0
   Compiling cc v1.2.65
   Compiling num-traits v0.2.19
   Compiling scopeguard v1.2.0
   Compiling siphasher v1.0.3
   Compiling fallible-streaming-iterator v0.1.9
   Compiling log v0.4.33
   Compiling fallible-iterator v0.3.0
   Compiling lock_api v0.4.14
   Compiling bitflags v2.13.0
   Compiling aho-corasick v1.1.4
   Compiling phf_shared v0.13.1
   Compiling uuid-simd v0.8.0
   Compiling unicode-normalization v0.1.25
   Compiling phf v0.13.1
   Compiling stringprep v0.1.5
   Compiling hybrid-array v0.4.12
   Compiling syn v2.0.118
   Compiling libsqlite3-sys v0.30.1
   Compiling socket2 v0.6.4
   Compiling mio v1.2.1
   Compiling whoami v2.1.2
   Compiling rand v0.10.1
   Compiling parking_lot v0.12.5
   Compiling block-buffer v0.12.1
   Compiling crypto-common v0.2.2
   Compiling num-integer v0.1.46
   Compiling num-complex v0.4.6
   Compiling num-bigint v0.4.6
   Compiling num-iter v0.1.45
   Compiling regex-automata v0.4.14
   Compiling digest v0.11.3
   Compiling sha2 v0.11.0
   Compiling md-5 v0.11.0
   Compiling hmac v0.13.0
   Compiling num-rational v0.4.2
   Compiling num v0.4.3
   Compiling fraction v0.15.4
   Compiling synstructure v0.13.2
   Compiling fancy-regex v0.14.0
   Compiling serde_derive v1.0.228
   Compiling zerofrom-derive v0.1.7
   Compiling yoke-derive v0.8.2
   Compiling zerovec-derive v0.11.3
   Compiling displaydoc v0.2.6
   Compiling ref-cast-impl v1.0.25
   Compiling futures-macro v0.3.32
   Compiling thiserror-impl v2.0.18
   Compiling async-trait v0.1.89
   Compiling futures-util v0.3.32
   Compiling zerofrom v0.1.8
   Compiling yoke v0.8.3
   Compiling cobs v0.3.0
   Compiling zerovec v0.11.6
   Compiling zerotrie v0.2.4
   Compiling tinystr v0.8.3
   Compiling potential_utf v0.1.5
   Compiling icu_collections v2.2.0
   Compiling icu_locale_core v2.2.0
   Compiling icu_provider v2.2.0
   Compiling bytes v1.12.0
   Compiling fluent-uri v0.3.2
   Compiling email_address v0.2.9
   Compiling postcard v1.1.3
   Compiling pqueue-release v0.14.0 (/home/erik/.cache/ddx/exec-wt/.execute-bead-wt-pqueue-60472d3f-20260715T043214-936c36b0/crates/pqueue-release)
   Compiling icu_properties v2.2.0
   Compiling icu_normalizer v2.2.0
   Compiling hashbrown v0.14.5
   Compiling referencing v0.28.3
   Compiling postgres-protocol v0.6.12
   Compiling tokio v1.52.3
   Compiling futures-executor v0.3.32
   Compiling futures v0.3.32
   Compiling hashlink v0.9.1
   Compiling postgres-types v0.2.14
   Compiling rusqlite v0.32.1
   Compiling idna_adapter v1.2.2
   Compiling idna v1.1.0
   Compiling jsonschema v0.28.3
   Compiling axon-esf v0.3.2 (https://github.com/DocumentDrivenDX/axon?tag=v0.3.2#64d2bf60)
   Compiling pqueue-core v0.14.0 (/home/erik/.cache/ddx/exec-wt/.execute-bead-wt-pqueue-60472d3f-20260715T043214-936c36b0/crates/pqueue-core)
   Compiling tokio-util v0.7.18
   Compiling tokio-postgres v0.7.18
   Compiling pqueue-engine v0.14.0 (/home/erik/.cache/ddx/exec-wt/.execute-bead-wt-pqueue-60472d3f-20260715T043214-936c36b0/crates/pqueue-engine)
   Compiling postgres v0.19.14
   Compiling pqueue-projection v0.14.0 (/home/erik/.cache/ddx/exec-wt/.execute-bead-wt-pqueue-60472d3f-20260715T043214-936c36b0/crates/pqueue-projection)
   Compiling pqueue-sqlite v0.14.0 (/home/erik/.cache/ddx/exec-wt/.execute-bead-wt-pqueue-60472d3f-20260715T043214-936c36b0/crates/pqueue-sqlite)
   Compiling pqueue-objectlog v0.14.0 (/home/erik/.cache/ddx/exec-wt/.execute-bead-wt-pqueue-60472d3f-20260715T043214-936c36b0/crates/pqueue-objectlog)
   Compiling pqueue-memory v0.14.0 (/home/erik/.cache/ddx/exec-wt/.execute-bead-wt-pqueue-60472d3f-20260715T043214-936c36b0/crates/pqueue-memory)
   Compiling pqueue-postgres v0.14.0 (/home/erik/.cache/ddx/exec-wt/.execute-bead-wt-pqueue-60472d3f-20260715T043214-936c36b0/crates/pqueue-postgres)
   Compiling pqueue v0.14.0 (/home/erik/.cache/ddx/exec-wt/.execute-bead-wt-pqueue-60472d3f-20260715T043214-936c36b0/crates/pqueue)
   Compiling pqueue-bench v0.3.1 (/home/erik/.cache/ddx/exec-wt/.execute-bead-wt-pqueue-60472d3f-20260715T043214-936c36b0/crates/pqueue-bench)
    Finished `test` profile [unoptimized + debuginfo] target(s) in 31.06s
     Running tests/performance_cross_queue_scale_out_tests.rs (crates/pqueue-bench/target/debug/deps/performance_cross_queue_scale_out_tests-2ec702d2385244ab)

running 3 tests
test live_multi_node_object_log_sqlite_projection_e2 ... ok
test tp002_e2_release_rows_emit_only_on_pass ... ok
test performance_cross_queue_scale_out_tests ... ok

test result: ok. 3 passed; 0 failed; 0 ignored; 0 measured; 0 filtered out; finished in 5.57s

     Running tests/queue_density_single_node_tests.rs (crates/pqueue-bench/target/debug/deps/queue_density_single_node_tests-567c31dc41fa71fb)

running 2 tests
test queue_density_single_node_tests ... ok
test queue_density_single_node_durable_tests has been running for over 60 seconds
test queue_density_single_node_durable_tests ... ok

test result: ok. 2 passed; 0 failed; 0 ignored; 0 measured; 0 filtered out; finished in 145.32s

--- tier-aware ledger verification (smoke lane: E2,E3 present + well-formed) ---
   Compiling unicode-ident v1.0.24
   Compiling zmij v1.0.21
   Compiling serde_json v1.0.150
   Compiling itoa v1.0.18
   Compiling memchr v2.8.2
   Compiling proc-macro2 v1.0.106
   Compiling quote v1.0.45
   Compiling syn v2.0.117
   Compiling serde_derive v1.0.228
   Compiling serde v1.0.228
   Compiling pqueue-release v0.14.0 (/home/erik/.cache/ddx/exec-wt/.execute-bead-wt-pqueue-60472d3f-20260715T043214-936c36b0/crates/pqueue-release)
    Finished `dev` profile [unoptimized + debuginfo] target(s) in 6.45s
     Running `target/debug/pqueue-verify-ledger --ledger-dir /home/erik/.cache/fleet-tmp/pqueue-ledger.1DtQ6C --strict --require-smoke-evidence E2,E3`
validated 27 ledger row(s); release-tier evidence: [E3]; smoke-tier evidence: [E2, E3, HYBRID, HYBRID-CACHE-MATRIX, HYBRID-SCALE-MATRIX]
--- live coverage gate ---
info: cargo-llvm-cov currently setting cfg(coverage); you can opt-out it by passing --no-cfg-coverage
   Compiling proc-macro2 v1.0.106
   Compiling unicode-ident v1.0.24
   Compiling quote v1.0.45
   Compiling libc v0.2.186
   Compiling stable_deref_trait v1.2.1
   Compiling cfg-if v1.0.4
   Compiling autocfg v1.5.1
   Compiling getrandom v0.3.4
   Compiling serde_core v1.0.228
   Compiling zerocopy v0.8.52
   Compiling writeable v0.6.3
   Compiling litemap v0.8.2
   Compiling serde v1.0.228
   Compiling memchr v2.8.2
   Compiling icu_properties_data v2.2.0
   Compiling once_cell v1.21.4
   Compiling utf8_iter v1.0.4
   Compiling icu_normalizer_data v2.2.0
   Compiling zmij v1.0.21
   Compiling version_check v0.9.5
   Compiling ref-cast v1.0.25
   Compiling regex-syntax v0.8.11
   Compiling smallvec v1.15.2
   Compiling bit-vec v0.8.0
   Compiling serde_json v1.0.150
   Compiling getrandom v0.4.2
   Compiling itoa v1.0.18
   Compiling rustix v1.1.4
   Compiling borrow-or-share v0.2.4
   Compiling lazy_static v1.5.0
   Compiling percent-encoding v2.3.2
   Compiling vsimd v0.8.0
   Compiling uuid v1.23.4
   Compiling linux-raw-sys v0.12.1
   Compiling bitflags v2.13.0
   Compiling outref v0.5.2
   Compiling num-cmp v0.1.0
   Compiling base64 v0.22.1
   Compiling bytecount v0.6.9
   Compiling fastrand v2.4.1
   Compiling fnv v1.0.7
   Compiling quick-error v1.2.3
   Compiling unarray v0.1.4
   Compiling bit-set v0.8.0
   Compiling ahash v0.8.12
   Compiling num-traits v0.2.19
   Compiling aho-corasick v1.1.4
   Compiling uuid-simd v0.8.0
   Compiling syn v2.0.117
   Compiling wait-timeout v0.2.1
   Compiling num-integer v0.1.46
   Compiling num-complex v0.4.6
   Compiling rand_core v0.9.5
   Compiling rand v0.9.4
   Compiling rand_xorshift v0.4.0
   Compiling num-bigint v0.4.6
   Compiling num-iter v0.1.45
   Compiling regex-automata v0.4.14
   Compiling tempfile v3.27.0
   Compiling rusty-fork v0.3.1
   Compiling num-rational v0.4.2
   Compiling synstructure v0.13.2
   Compiling num v0.4.3
   Compiling fraction v0.15.4
   Compiling zerovec-derive v0.11.3
   Compiling displaydoc v0.2.6
   Compiling serde_derive v1.0.228
   Compiling ref-cast-impl v1.0.25
   Compiling zerofrom-derive v0.1.7
   Compiling yoke-derive v0.8.2
   Compiling zerofrom v0.1.8
   Compiling yoke v0.8.3
   Compiling zerovec v0.11.6
   Compiling zerotrie v0.2.4
   Compiling ppv-lite86 v0.2.21
   Compiling rand_chacha v0.9.0
   Compiling fancy-regex v0.14.0
   Compiling proptest v1.11.0
   Compiling tinystr v0.8.3
   Compiling potential_utf v0.1.5
   Compiling icu_collections v2.2.0
   Compiling icu_locale_core v2.2.0
   Compiling icu_provider v2.2.0
   Compiling icu_normalizer v2.2.0
   Compiling icu_properties v2.2.0
   Compiling fluent-uri v0.3.2
   Compiling email_address v0.2.9
   Compiling referencing v0.28.3
   Compiling idna_adapter v1.2.2
   Compiling idna v1.1.0
   Compiling jsonschema v0.28.3
   Compiling axon-esf v0.3.2 (https://github.com/DocumentDrivenDX/axon?tag=v0.3.2#64d2bf60)
   Compiling pqueue-core v0.14.0 (/home/erik/.cache/ddx/exec-wt/.execute-bead-wt-pqueue-60472d3f-20260715T043214-936c36b0/crates/pqueue-core)
    Finished `test` profile [unoptimized + debuginfo] target(s) in 16.67s
     Running unittests src/lib.rs (target/llvm-cov-target/debug/deps/pqueue_core-00cb6536949e925a)

running 27 tests
test domain::coverage_tests::cohort_enabled_valid_definition_carries_policy ... ok
test domain::coverage_tests::cohort_max_size_must_not_exceed_claim_batch ... ok
test domain::coverage_tests::create_queue_error_display ... ok
test domain::coverage_tests::decimal_encoding_zero_small_and_large_mantissa ... ok
test domain::coverage_tests::decimal_digit_count_handles_zero_and_multi_digit ... ok
test domain::coverage_tests::item_id_serde_round_trip_and_error_branch ... ok
test domain::coverage_tests::identifier_newtype_conversions_and_serde_round_trip ... ok
test domain::coverage_tests::max_eligible_group_size_must_not_exceed_claim_batch ... ok
test domain::coverage_tests::max_rank_error_requires_bounded_relaxed ... ok
test domain::coverage_tests::small_helpers_and_constructors ... ok
test domain::coverage_tests::queue_definition_serde_defaults_terminal_retention ... ok
test domain::coverage_tests::secondary_index_validation_branches ... ok
test domain::coverage_tests::transition_error_display ... ok
test domain::coverage_tests::validate_dynamic_gate_key_policy_branches ... ok
test domain::coverage_tests::validate_remaining_error_branches ... ok
test domain::coverage_tests::validate_short_circuit_branch_arms ... ok
test query::core_domain_tests_hot_projection_query_types::bounded_mutation_request_serde_round_trip ... ok
test query::core_domain_tests_hot_projection_query_types::claim_by_query_request_serde_round_trip ... ok
test query::core_domain_tests_hot_projection_query_types::declared_bucket_segment_accepts_canonical_conformance_fixture ... ok
test query::core_domain_tests_hot_projection_query_types::declared_bucket_segment_rejects_missing_null_bucket_label ... ok
test query::core_domain_tests_hot_projection_query_types::declared_bucket_segment_rejects_overlapping_buckets ... ok
test query::core_domain_tests_hot_projection_query_types::declared_bucket_segment_rejects_too_many_buckets ... ok
test query::core_domain_tests_hot_projection_query_types::grouped_aggregate_request_serde_round_trip ... ok
test query::core_domain_tests_hot_projection_query_types::query_capability_flags_default_to_unavailable ... ok
test query::core_domain_tests_hot_projection_query_types::query_capability_flags_reject_partial_paired_capability ... ok
test query::core_domain_tests_hot_projection_query_types::range_scan_request_rejects_zero_and_oversized_page_size ... ok
test query::core_domain_tests_hot_projection_query_types::range_scan_request_serde_round_trip ... ok

test result: ok. 27 passed; 0 failed; 0 ignored; 0 measured; 0 filtered out; finished in 0.00s

     Running tests/command_decode_fuzz.rs (target/llvm-cov-target/debug/deps/command_decode_fuzz-41ae23a45bdba7c7)

running 1 test
test command_decode_scaffold_accepts_representative_inputs ... ok

test result: ok. 1 passed; 0 failed; 0 ignored; 0 measured; 0 filtered out; finished in 0.00s

     Running tests/core_domain_tests.rs (target/llvm-cov-target/debug/deps/core_domain_tests-3db4bb91af63b5df)

running 19 tests
test core_domain_tests_applies_policy_defaults ... ok
test core_domain_tests_conflict_typed_and_secondary_same_name ... ok
test core_domain_tests_create_queue_success_response_preserves_fields ... ok
test core_domain_tests_entity_schema_carried_through_validate ... ok
test core_domain_tests_exercises_result_identifier_variants ... ok
test core_domain_tests_identifier_timestamp_metadata_and_error_helpers ... ok
test core_domain_tests_queue_definition_serde_defaults_entity_schema_and_typed_indexes ... ok
test core_domain_tests_queue_index_serde_round_trip ... ok
test core_domain_tests_rejects_all_invalid_cohort_shapes ... ok
test core_domain_tests_rejects_completion_bound_above_progress_bound ... ok
test core_domain_tests_rejects_invalid_recurrence_group_and_gate_shapes ... ok
test core_domain_tests_rejects_empty_compound_typed_index ... ok
test core_domain_tests_rejects_mutually_exclusive_recurrence_and_cohort_fields ... ok
test core_domain_tests_rejects_scalar_zero_limits ... ok
test core_domain_tests_rejects_timestamp_priority_with_non_created_sequence_tie_breaker ... ok
test core_domain_tests_rejects_typed_index_duplicate_name ... ok
test core_domain_tests_rejects_typed_index_cap_exceeded ... ok
test core_domain_tests_rejects_typed_index_empty_name ... ok
test core_domain_tests_typed_indexes_carried_through_validate ... ok

test result: ok. 19 passed; 0 failed; 0 ignored; 0 measured; 0 filtered out; finished in 0.00s

     Running tests/core_eligibility_precedence_tests.rs (target/llvm-cov-target/debug/deps/core_eligibility_precedence_tests-677a1f645ab65e7c)

running 19 tests
test core_eligibility_precedence_tests_backoff_active_is_ineligible ... ok
test core_eligibility_precedence_tests_backoff_beats_metadata_blocker ... ok
test core_eligibility_precedence_tests_backoff_expired_is_eligible ... ok
test core_eligibility_precedence_tests_blocked_gate_key_is_ineligible ... ok
test core_eligibility_precedence_tests_complete_is_ineligible ... ok
test core_eligibility_precedence_tests_failed_is_ineligible ... ok
test core_eligibility_precedence_tests_fully_eligible_item ... ok
test core_eligibility_precedence_tests_ineligible_item_has_single_eligibility_home ... ok
test core_eligibility_precedence_tests_leased_is_ineligible ... ok
test core_eligibility_precedence_tests_matching_metadata_blocker_is_ineligible ... ok
test core_eligibility_precedence_tests_metadata_beats_gate ... ok
test core_eligibility_precedence_tests_no_gate_keys_is_eligible ... ok
test core_eligibility_precedence_tests_non_matching_metadata_is_eligible ... ok
test core_eligibility_precedence_tests_not_before_beats_backoff ... ok
test core_eligibility_precedence_tests_not_before_equal_now_is_eligible ... ok
test core_eligibility_precedence_tests_not_before_in_future_is_ineligible ... ok
test core_eligibility_precedence_tests_not_before_in_past_is_eligible ... ok
test core_eligibility_precedence_tests_state_beats_not_before ... ok
test core_eligibility_precedence_tests_unblocked_gate_key_is_eligible ... ok

test result: ok. 19 passed; 0 failed; 0 ignored; 0 measured; 0 filtered out; finished in 0.00s

     Running tests/core_idempotency_tests.rs (target/llvm-cov-target/debug/deps/core_idempotency_tests-ebe72b15902bff47)

running 8 tests
test core_idempotency_tests_conflicting_body_returns_conflict ... ok
test core_idempotency_tests_duplicate_client_item_key ... ok
test core_idempotency_tests_different_client_item_key_proceeds ... ok
test core_idempotency_tests_new_request_proceeds ... ok
test core_idempotency_tests_prior_request_different_id_does_not_replay ... ok
test core_idempotency_tests_replay_identical_body ... ok
test core_idempotency_tests_replay_takes_priority_over_key_duplicate ... ok
test core_idempotency_tests_request_id_conflict_takes_priority_over_key_duplicate ... ok

test result: ok. 8 passed; 0 failed; 0 ignored; 0 measured; 0 filtered out; finished in 0.00s

     Running tests/core_lifecycle_transition_tests.rs (target/llvm-cov-target/debug/deps/core_lifecycle_transition_tests-e486a582b5211666)

running 11 tests
test core_lifecycle_transition_tests_complete_rejects_all_events ... ok
test core_lifecycle_transition_tests_exhaustive_matrix ... ok
test core_lifecycle_transition_tests_is_terminal_correct ... ok
test core_lifecycle_transition_tests_failed_rejects_all_events ... ok
test core_lifecycle_transition_tests_leased_finalize_complete_yields_complete ... ok
test core_lifecycle_transition_tests_leased_finalize_fail_yields_failed ... ok
test core_lifecycle_transition_tests_leased_finalize_rearm_yields_pending ... ok
test core_lifecycle_transition_tests_leased_finalize_release_yields_pending ... ok
test core_lifecycle_transition_tests_leased_finalize_retry_yields_pending ... ok
test core_lifecycle_transition_tests_leased_lease_expired_yields_pending ... ok
test core_lifecycle_transition_tests_pending_claim_yields_leased ... ok

test result: ok. 11 passed; 0 failed; 0 ignored; 0 measured; 0 filtered out; finished in 0.00s

     Running tests/core_priority_model_tests.rs (target/llvm-cov-target/debug/deps/core_priority_model_tests-32d8049ffb34b548)

running 11 tests
test core_priority_model_tests_decimal_equivalent_representations ... ok
test core_priority_model_tests_int64_boundaries ... ok
test core_priority_model_tests_text_empty_sorts_first ... ok
test core_priority_model_tests_int64_ascending ... ok
test core_priority_model_tests_timestamp_ascending ... ok
test core_priority_model_tests_decimal_descending ... ok
test core_priority_model_tests_decimal_ascending ... ok
test core_priority_model_tests_timestamp_descending ... ok
test core_priority_model_tests_int64_descending ... ok
test core_priority_model_tests_text_ascending ... ok
test core_priority_model_tests_text_descending ... ok

test result: ok. 11 passed; 0 failed; 0 ignored; 0 measured; 0 filtered out; finished in 20.91s

     Running tests/core_recurrence_rearm_tests.rs (target/llvm-cov-target/debug/deps/core_recurrence_rearm_tests-de65e55399d5b538)

running 9 tests
test core_recurrence_rearm_tests_exhausted_at_max ... ok
test core_recurrence_rearm_tests_failure_event_at_max_is_fail ... ok
test core_recurrence_rearm_tests_exhausted_beyond_max ... ok
test core_recurrence_rearm_tests_failure_event_before_max_is_retry ... ok
test core_recurrence_rearm_tests_not_exhausted_before_max ... ok
test core_recurrence_rearm_tests_rearm_resets_per_cycle_attempts ... ok
test core_recurrence_rearm_tests_retry_cycle_max_1 ... ok
test core_recurrence_rearm_tests_retry_cycle_max_10 ... ok
test core_recurrence_rearm_tests_retry_cycle_max_3 ... ok

test result: ok. 9 passed; 0 failed; 0 ignored; 0 measured; 0 filtered out; finished in 0.00s

     Running tests/flaky_repeat_harness_tests.rs (target/llvm-cov-target/debug/deps/flaky_repeat_harness_tests-ae5e7cd5f1f8fc23)

running 9 tests
test flaky_repeat_harness_tests_fixtures_exist ... ok
test flaky_repeat_harness_tests_repeat_suite_script_exists ... ok
test flaky_repeat_harness_tests_report_script_exists ... ok
test flaky_repeat_harness_tests_always_pass_exits_zero ... ok
test flaky_repeat_harness_tests_always_fail_default_rate_passes_gate ... ok
test flaky_repeat_harness_tests_always_fail_exceeds_strict_threshold ... ok
test flaky_repeat_harness_tests_report_contains_required_fields ... ok
test flaky_repeat_harness_tests_zero_failures_passes_strict_threshold ... ok
test flaky_repeat_harness_tests_suite_list_fixture_passes ... ok

test result: ok. 9 passed; 0 failed; 0 ignored; 0 measured; 0 filtered out; finished in 0.20s

     Running tests/priority_decode_fuzz.rs (target/llvm-cov-target/debug/deps/priority_decode_fuzz-57370c5d5f75a96a)

running 1 test
test priority_decode_scaffold_accepts_representative_inputs ... ok

test result: ok. 1 passed; 0 failed; 0 ignored; 0 measured; 0 filtered out; finished in 0.00s

     Running tests/property_scaffolding.rs (target/llvm-cov-target/debug/deps/property_scaffolding-47ab505d66f6c0ff)

running 1 test
test property_scaffolding_round_trips_representative_inputs ... ok

test result: ok. 1 passed; 0 failed; 0 ignored; 0 measured; 0 filtered out; finished in 0.00s

     Running tests/selector_fuzz.rs (target/llvm-cov-target/debug/deps/selector_fuzz-3ba5faaab12d9b32)

running 1 test
test selector_scaffold_accepts_representative_inputs ... ok

test result: ok. 1 passed; 0 failed; 0 ignored; 0 measured; 0 filtered out; finished in 0.00s


    Finished report saved to /home/erik/.cache/ddx/exec-wt/.execute-bead-wt-pqueue-60472d3f-20260715T043214-936c36b0/target/coverage/pqueue-core.lcov
pqueue-core: lines 97.92% (1222/1248)
warning: --branch option is unstable
info: cargo-llvm-cov currently setting cfg(coverage) and cfg(coverage_nightly); you can opt-out it by passing --no-cfg-coverage and --no-cfg-coverage-nightly
   Compiling proc-macro2 v1.0.106
   Compiling quote v1.0.45
   Compiling unicode-ident v1.0.24
   Compiling libc v0.2.186
   Compiling stable_deref_trait v1.2.1
   Compiling autocfg v1.5.1
   Compiling cfg-if v1.0.4
   Compiling getrandom v0.3.4
   Compiling serde_core v1.0.228
   Compiling zerocopy v0.8.52
   Compiling litemap v0.8.2
   Compiling serde v1.0.228
   Compiling writeable v0.6.3
   Compiling once_cell v1.21.4
   Compiling memchr v2.8.2
   Compiling icu_normalizer_data v2.2.0
   Compiling icu_properties_data v2.2.0
   Compiling utf8_iter v1.0.4
   Compiling version_check v0.9.5
   Compiling ref-cast v1.0.25
   Compiling zmij v1.0.21
   Compiling bit-vec v0.8.0
   Compiling serde_json v1.0.150
   Compiling regex-syntax v0.8.11
   Compiling smallvec v1.15.2
   Compiling rustix v1.1.4
   Compiling getrandom v0.4.2
   Compiling borrow-or-share v0.2.4
   Compiling itoa v1.0.18
   Compiling vsimd v0.8.0
   Compiling uuid v1.23.4
   Compiling percent-encoding v2.3.2
   Compiling linux-raw-sys v0.12.1
   Compiling bitflags v2.13.0
   Compiling lazy_static v1.5.0
   Compiling outref v0.5.2
   Compiling base64 v0.22.1
   Compiling bytecount v0.6.9
   Compiling fastrand v2.4.1
   Compiling num-cmp v0.1.0
   Compiling quick-error v1.2.3
   Compiling fnv v1.0.7
   Compiling unarray v0.1.4
   Compiling bit-set v0.8.0
   Compiling ahash v0.8.12
   Compiling num-traits v0.2.19
   Compiling aho-corasick v1.1.4
   Compiling uuid-simd v0.8.0
   Compiling syn v2.0.117
   Compiling num-integer v0.1.46
   Compiling num-complex v0.4.6
   Compiling wait-timeout v0.2.1
   Compiling rand_core v0.9.5
   Compiling num-bigint v0.4.6
   Compiling num-iter v0.1.45
   Compiling rand v0.9.4
   Compiling rand_xorshift v0.4.0
   Compiling regex-automata v0.4.14
   Compiling tempfile v3.27.0
   Compiling rusty-fork v0.3.1
   Compiling num-rational v0.4.2
   Compiling num v0.4.3
   Compiling fraction v0.15.4
   Compiling synstructure v0.13.2
   Compiling zerovec-derive v0.11.3
   Compiling displaydoc v0.2.6
   Compiling serde_derive v1.0.228
   Compiling ref-cast-impl v1.0.25
   Compiling zerofrom-derive v0.1.7
   Compiling yoke-derive v0.8.2
   Compiling zerofrom v0.1.8
   Compiling yoke v0.8.3
   Compiling zerotrie v0.2.4
   Compiling zerovec v0.11.6
   Compiling ppv-lite86 v0.2.21
   Compiling rand_chacha v0.9.0
   Compiling fancy-regex v0.14.0
   Compiling tinystr v0.8.3
   Compiling potential_utf v0.1.5
   Compiling icu_collections v2.2.0
   Compiling proptest v1.11.0
   Compiling icu_locale_core v2.2.0
   Compiling icu_provider v2.2.0
   Compiling icu_properties v2.2.0
   Compiling icu_normalizer v2.2.0
   Compiling fluent-uri v0.3.2
   Compiling email_address v0.2.9
   Compiling referencing v0.28.3
   Compiling idna_adapter v1.2.2
   Compiling idna v1.1.0
   Compiling jsonschema v0.28.3
   Compiling axon-esf v0.3.2 (https://github.com/DocumentDrivenDX/axon?tag=v0.3.2#64d2bf60)
   Compiling pqueue-core v0.14.0 (/home/erik/.cache/ddx/exec-wt/.execute-bead-wt-pqueue-60472d3f-20260715T043214-936c36b0/crates/pqueue-core)
    Finished `test` profile [unoptimized + debuginfo] target(s) in 10.32s
     Running unittests src/lib.rs (target/llvm-cov-target/debug/deps/pqueue_core-0de55613aa2f6255)

running 27 tests
test domain::coverage_tests::cohort_enabled_valid_definition_carries_policy ... ok
test domain::coverage_tests::cohort_max_size_must_not_exceed_claim_batch ... ok
test domain::coverage_tests::decimal_digit_count_handles_zero_and_multi_digit ... ok
test domain::coverage_tests::decimal_encoding_zero_small_and_large_mantissa ... ok
test domain::coverage_tests::identifier_newtype_conversions_and_serde_round_trip ... ok
test domain::coverage_tests::item_id_serde_round_trip_and_error_branch ... ok
test domain::coverage_tests::create_queue_error_display ... ok
test domain::coverage_tests::max_eligible_group_size_must_not_exceed_claim_batch ... ok
test domain::coverage_tests::max_rank_error_requires_bounded_relaxed ... ok
test domain::coverage_tests::secondary_index_validation_branches ... ok
test domain::coverage_tests::queue_definition_serde_defaults_terminal_retention ... ok
test domain::coverage_tests::small_helpers_and_constructors ... ok
test domain::coverage_tests::validate_dynamic_gate_key_policy_branches ... ok
test domain::coverage_tests::transition_error_display ... ok
test domain::coverage_tests::validate_remaining_error_branches ... ok
test domain::coverage_tests::validate_short_circuit_branch_arms ... ok
test query::core_domain_tests_hot_projection_query_types::bounded_mutation_request_serde_round_trip ... ok
test query::core_domain_tests_hot_projection_query_types::claim_by_query_request_serde_round_trip ... ok
test query::core_domain_tests_hot_projection_query_types::declared_bucket_segment_accepts_canonical_conformance_fixture ... ok
test query::core_domain_tests_hot_projection_query_types::declared_bucket_segment_rejects_missing_null_bucket_label ... ok
test query::core_domain_tests_hot_projection_query_types::declared_bucket_segment_rejects_overlapping_buckets ... ok
test query::core_domain_tests_hot_projection_query_types::declared_bucket_segment_rejects_too_many_buckets ... ok
test query::core_domain_tests_hot_projection_query_types::grouped_aggregate_request_serde_round_trip ... ok
test query::core_domain_tests_hot_projection_query_types::query_capability_flags_default_to_unavailable ... ok
test query::core_domain_tests_hot_projection_query_types::query_capability_flags_reject_partial_paired_capability ... ok
test query::core_domain_tests_hot_projection_query_types::range_scan_request_rejects_zero_and_oversized_page_size ... ok
test query::core_domain_tests_hot_projection_query_types::range_scan_request_serde_round_trip ... ok

test result: ok. 27 passed; 0 failed; 0 ignored; 0 measured; 0 filtered out; finished in 0.00s

     Running tests/command_decode_fuzz.rs (target/llvm-cov-target/debug/deps/command_decode_fuzz-2e36a455aacb83d1)

running 1 test
test command_decode_scaffold_accepts_representative_inputs ... ok

test result: ok. 1 passed; 0 failed; 0 ignored; 0 measured; 0 filtered out; finished in 0.00s

     Running tests/core_domain_tests.rs (target/llvm-cov-target/debug/deps/core_domain_tests-fe96232739682b59)

running 19 tests
test core_domain_tests_applies_policy_defaults ... ok
test core_domain_tests_conflict_typed_and_secondary_same_name ... ok
test core_domain_tests_create_queue_success_response_preserves_fields ... ok
test core_domain_tests_exercises_result_identifier_variants ... ok
test core_domain_tests_entity_schema_carried_through_validate ... ok
test core_domain_tests_identifier_timestamp_metadata_and_error_helpers ... ok
test core_domain_tests_queue_definition_serde_defaults_entity_schema_and_typed_indexes ... ok
test core_domain_tests_queue_index_serde_round_trip ... ok
test core_domain_tests_rejects_all_invalid_cohort_shapes ... ok
test core_domain_tests_rejects_empty_compound_typed_index ... ok
test core_domain_tests_rejects_completion_bound_above_progress_bound ... ok
test core_domain_tests_rejects_mutually_exclusive_recurrence_and_cohort_fields ... ok
test core_domain_tests_rejects_invalid_recurrence_group_and_gate_shapes ... ok
test core_domain_tests_rejects_scalar_zero_limits ... ok
test core_domain_tests_rejects_timestamp_priority_with_non_created_sequence_tie_breaker ... ok
test core_domain_tests_rejects_typed_index_cap_exceeded ... ok
test core_domain_tests_rejects_typed_index_duplicate_name ... ok
test core_domain_tests_rejects_typed_index_empty_name ... ok
test core_domain_tests_typed_indexes_carried_through_validate ... ok

test result: ok. 19 passed; 0 failed; 0 ignored; 0 measured; 0 filtered out; finished in 0.00s

     Running tests/core_eligibility_precedence_tests.rs (target/llvm-cov-target/debug/deps/core_eligibility_precedence_tests-2bb60e9122ed6dae)

running 19 tests
test core_eligibility_precedence_tests_backoff_active_is_ineligible ... ok
test core_eligibility_precedence_tests_backoff_beats_metadata_blocker ... ok
test core_eligibility_precedence_tests_backoff_expired_is_eligible ... ok
test core_eligibility_precedence_tests_blocked_gate_key_is_ineligible ... ok
test core_eligibility_precedence_tests_complete_is_ineligible ... ok
test core_eligibility_precedence_tests_failed_is_ineligible ... ok
test core_eligibility_precedence_tests_fully_eligible_item ... ok
test core_eligibility_precedence_tests_ineligible_item_has_single_eligibility_home ... ok
test core_eligibility_precedence_tests_leased_is_ineligible ... ok
test core_eligibility_precedence_tests_matching_metadata_blocker_is_ineligible ... ok
test core_eligibility_precedence_tests_metadata_beats_gate ... ok
test core_eligibility_precedence_tests_no_gate_keys_is_eligible ... ok
test core_eligibility_precedence_tests_non_matching_metadata_is_eligible ... ok
test core_eligibility_precedence_tests_not_before_equal_now_is_eligible ... ok
test core_eligibility_precedence_tests_not_before_beats_backoff ... ok
test core_eligibility_precedence_tests_not_before_in_future_is_ineligible ... ok
test core_eligibility_precedence_tests_not_before_in_past_is_eligible ... ok
test core_eligibility_precedence_tests_state_beats_not_before ... ok
test core_eligibility_precedence_tests_unblocked_gate_key_is_eligible ... ok

test result: ok. 19 passed; 0 failed; 0 ignored; 0 measured; 0 filtered out; finished in 0.00s

     Running tests/core_idempotency_tests.rs (target/llvm-cov-target/debug/deps/core_idempotency_tests-9f6bf53d72c53645)

running 8 tests
test core_idempotency_tests_conflicting_body_returns_conflict ... ok
test core_idempotency_tests_different_client_item_key_proceeds ... ok
test core_idempotency_tests_new_request_proceeds ... ok
test core_idempotency_tests_prior_request_different_id_does_not_replay ... ok
test core_idempotency_tests_duplicate_client_item_key ... ok
test core_idempotency_tests_replay_takes_priority_over_key_duplicate ... ok
test core_idempotency_tests_request_id_conflict_takes_priority_over_key_duplicate ... ok
test core_idempotency_tests_replay_identical_body ... ok

test result: ok. 8 passed; 0 failed; 0 ignored; 0 measured; 0 filtered out; finished in 0.00s

     Running tests/core_lifecycle_transition_tests.rs (target/llvm-cov-target/debug/deps/core_lifecycle_transition_tests-8ba306d5332d662f)

running 11 tests
test core_lifecycle_transition_tests_complete_rejects_all_events ... ok
test core_lifecycle_transition_tests_exhaustive_matrix ... ok
test core_lifecycle_transition_tests_failed_rejects_all_events ... ok
test core_lifecycle_transition_tests_is_terminal_correct ... ok
test core_lifecycle_transition_tests_leased_finalize_complete_yields_complete ... ok
test core_lifecycle_transition_tests_leased_finalize_fail_yields_failed ... ok
test core_lifecycle_transition_tests_leased_finalize_rearm_yields_pending ... ok
test core_lifecycle_transition_tests_leased_finalize_release_yields_pending ... ok
test core_lifecycle_transition_tests_leased_finalize_retry_yields_pending ... ok
test core_lifecycle_transition_tests_leased_lease_expired_yields_pending ... ok
test core_lifecycle_transition_tests_pending_claim_yields_leased ... ok

test result: ok. 11 passed; 0 failed; 0 ignored; 0 measured; 0 filtered out; finished in 0.00s

     Running tests/core_priority_model_tests.rs (target/llvm-cov-target/debug/deps/core_priority_model_tests-2ac497c74846789c)

running 11 tests
test core_priority_model_tests_decimal_equivalent_representations ... ok
test core_priority_model_tests_int64_boundaries ... ok
test core_priority_model_tests_text_empty_sorts_first ... ok
test core_priority_model_tests_decimal_ascending ... ok
test core_priority_model_tests_timestamp_descending ... ok
test core_priority_model_tests_timestamp_ascending ... ok
test core_priority_model_tests_int64_ascending ... ok
test core_priority_model_tests_int64_descending ... ok
test core_priority_model_tests_decimal_descending ... ok
test core_priority_model_tests_text_ascending ... ok
test core_priority_model_tests_text_descending ... ok

test result: ok. 11 passed; 0 failed; 0 ignored; 0 measured; 0 filtered out; finished in 20.42s

     Running tests/core_recurrence_rearm_tests.rs (target/llvm-cov-target/debug/deps/core_recurrence_rearm_tests-cb10d594a2990554)

running 9 tests
test core_recurrence_rearm_tests_exhausted_at_max ... ok
test core_recurrence_rearm_tests_exhausted_beyond_max ... ok
test core_recurrence_rearm_tests_failure_event_at_max_is_fail ... ok
test core_recurrence_rearm_tests_failure_event_before_max_is_retry ... ok
test core_recurrence_rearm_tests_not_exhausted_before_max ... ok
test core_recurrence_rearm_tests_rearm_resets_per_cycle_attempts ... ok
test core_recurrence_rearm_tests_retry_cycle_max_1 ... ok
test core_recurrence_rearm_tests_retry_cycle_max_10 ... ok
test core_recurrence_rearm_tests_retry_cycle_max_3 ... ok

test result: ok. 9 passed; 0 failed; 0 ignored; 0 measured; 0 filtered out; finished in 0.00s

     Running tests/flaky_repeat_harness_tests.rs (target/llvm-cov-target/debug/deps/flaky_repeat_harness_tests-55e0be63896e6bf9)

running 9 tests
test flaky_repeat_harness_tests_fixtures_exist ... ok
test flaky_repeat_harness_tests_repeat_suite_script_exists ... ok
test flaky_repeat_harness_tests_report_script_exists ... ok
test flaky_repeat_harness_tests_always_fail_default_rate_passes_gate ... ok
test flaky_repeat_harness_tests_report_contains_required_fields ... ok
test flaky_repeat_harness_tests_always_fail_exceeds_strict_threshold ... ok
test flaky_repeat_harness_tests_always_pass_exits_zero ... ok
test flaky_repeat_harness_tests_zero_failures_passes_strict_threshold ... ok
test flaky_repeat_harness_tests_suite_list_fixture_passes ... ok

test result: ok. 9 passed; 0 failed; 0 ignored; 0 measured; 0 filtered out; finished in 0.21s

     Running tests/priority_decode_fuzz.rs (target/llvm-cov-target/debug/deps/priority_decode_fuzz-659751f1e793b405)

running 1 test
test priority_decode_scaffold_accepts_representative_inputs ... ok

test result: ok. 1 passed; 0 failed; 0 ignored; 0 measured; 0 filtered out; finished in 0.00s

     Running tests/property_scaffolding.rs (target/llvm-cov-target/debug/deps/property_scaffolding-7e70e91d5a070fd4)

running 1 test
test property_scaffolding_round_trips_representative_inputs ... ok

test result: ok. 1 passed; 0 failed; 0 ignored; 0 measured; 0 filtered out; finished in 0.00s

     Running tests/selector_fuzz.rs (target/llvm-cov-target/debug/deps/selector_fuzz-38682a87da92e297)

running 1 test
test selector_scaffold_accepts_representative_inputs ... ok

test result: ok. 1 passed; 0 failed; 0 ignored; 0 measured; 0 filtered out; finished in 0.00s


    Finished report saved to /home/erik/.cache/ddx/exec-wt/.execute-bead-wt-pqueue-60472d3f-20260715T043214-936c36b0/target/coverage/pqueue-core-branch.lcov
pqueue-core: lines 97.92% (1222/1248)
pqueue-core: branches 86.76% (118/136)
info: cargo-llvm-cov currently setting cfg(coverage); you can opt-out it by passing --no-cfg-coverage
   Compiling syn v2.0.117
   Compiling synstructure v0.13.2
   Compiling zerofrom-derive v0.1.7
   Compiling zerofrom v0.1.8
   Compiling yoke-derive v0.8.2
   Compiling yoke v0.8.3
   Compiling zerovec-derive v0.11.3
   Compiling zerovec v0.11.6
   Compiling displaydoc v0.2.6
   Compiling serde_core v1.0.228
   Compiling memchr v2.8.2
   Compiling serde v1.0.228
   Compiling tinystr v0.8.3
   Compiling serde_derive v1.0.228
   Compiling icu_locale_core v2.2.0
   Compiling zerotrie v0.2.4
   Compiling potential_utf v0.1.5
   Compiling libc v0.2.186
   Compiling icu_collections v2.2.0
   Compiling icu_provider v2.2.0
   Compiling getrandom v0.3.4
   Compiling ref-cast-impl v1.0.25
   Compiling icu_normalizer v2.2.0
   Compiling ref-cast v1.0.25
   Compiling icu_properties v2.2.0
   Compiling aho-corasick v1.1.4
   Compiling bit-vec v0.8.0
   Compiling typenum v1.20.1
   Compiling hybrid-array v0.4.12
   Compiling serde_json v1.0.150
   Compiling regex-automata v0.4.14
   Compiling bit-set v0.8.0
   Compiling fluent-uri v0.3.2
   Compiling ahash v0.8.12
   Compiling idna_adapter v1.2.2
   Compiling referencing v0.28.3
   Compiling idna v1.1.0
   Compiling fancy-regex v0.14.0
   Compiling email_address v0.2.9
   Compiling jsonschema v0.28.3
   Compiling crypto-common v0.2.2
   Compiling block-buffer v0.12.1
   Compiling const-oid v0.10.2
   Compiling digest v0.11.3
   Compiling axon-esf v0.3.2 (https://github.com/DocumentDrivenDX/axon?tag=v0.3.2#64d2bf60)
   Compiling futures-sink v0.3.32
   Compiling cpufeatures v0.3.0
   Compiling futures-core v0.3.32
   Compiling futures-channel v0.3.32
   Compiling sha2 v0.11.0
   Compiling pqueue-core v0.14.0 (/home/erik/.cache/ddx/exec-wt/.execute-bead-wt-pqueue-60472d3f-20260715T043214-936c36b0/crates/pqueue-core)
   Compiling bytes v1.11.1
   Compiling futures-macro v0.3.32
   Compiling futures-io v0.3.32
   Compiling futures-task v0.3.32
   Compiling slab v0.4.12
   Compiling pin-project-lite v0.2.17
   Compiling futures-util v0.3.32
   Compiling pqueue-engine v0.14.0 (/home/erik/.cache/ddx/exec-wt/.execute-bead-wt-pqueue-60472d3f-20260715T043214-936c36b0/crates/pqueue-engine)
   Compiling futures-executor v0.3.32
   Compiling rustc-hash v2.1.2
   Compiling pqueue-projection v0.14.0 (/home/erik/.cache/ddx/exec-wt/.execute-bead-wt-pqueue-60472d3f-20260715T043214-936c36b0/crates/pqueue-projection)
   Compiling futures v0.3.32
   Compiling pqueue-conformance v0.14.0 (/home/erik/.cache/ddx/exec-wt/.execute-bead-wt-pqueue-60472d3f-20260715T043214-936c36b0/crates/pqueue-conformance)
    Finished `test` profile [unoptimized + debuginfo] target(s) in 1m 23s
     Running unittests src/lib.rs (target/llvm-cov-target/debug/deps/pqueue_engine-c2dd85ce6095d9c5)

running 96 tests
test active_scope::tests::default_granularity_depends_on_queue_presence ... ok
test active_scope::tests::empty_queue_id_defaults_to_group_then_is_rejected ... ok
test active_scope::tests::group_discovery_requires_queue_and_nonzero_max ... ok
test active_scope::tests::empty_rollup_is_empty ... ok
test active_scope::tests::group_projection_is_identity ... ok
test active_scope::tests::queue_rollup_takes_max_age_and_sums_counts ... ok
test active_scope::tests::sum_optional_treats_none_as_no_signal_not_zero ... ok
test auth::tests::authorize_operator_requires_operator_prefix ... ok
test auth::tests::authorize_tenant_allows_member_denies_others ... ok
test claim_validation::tests::bad_group_key_charset_rejected ... ok
test auth::tests::lease_token_is_hashed_and_redacted ... ok
test claim_validation::tests::default_is_item_unit ... ok
test claim_validation::tests::group_batching_rejects_zero_max_groups_and_combinations ... ok
test claim_validation::tests::group_batching_requires_max_group_size ... ok
test claim_validation::tests::same_group_key_unit ... ok
test claim_validation::tests::whole_cohort_extra_rejections_and_valid_group_key ... ok
test claim_validation::tests::whole_cohort_requires_enabled_and_bound ... ok
test command::serde_tests::cohort_expired_synthesizes_per_member_terminal_records ... ok
test command::serde_tests::change_record_synthesis_cohort_variants ... ok
test command::serde_tests::cohort_finalize_synthesizes_per_member_terminal_records ... ok
test command::serde_tests::finalize_retry_exhaustion_synthesizes_terminal_failed_record ... ok
test command::serde_tests::hybrid_request_id_envelopes_require_replay_metadata ... ok
test command::serde_tests::intake_blocking_pause_round_trips_through_json ... ok
test command::serde_tests::legacy_envelope_defaults_request_replay_metadata ... ok
test command::serde_tests::test_change_record_batch_preserves_command_position_order ... ok
test command::serde_tests::test_change_record_idempotency_key_includes_tenant_queue_item_backend_epoch_sequence ... ok
test command::serde_tests::every_command_variant_round_trips_through_json ... ok
test command::serde_tests::payload_bytes_and_priority_survive_round_trip ... ok
test compose::ordered_tests::change_record_cursor_advances_only_after_successful_emit ... ok
test compose::ordered_tests::composed_terminal_reap_on_reclaim_loop ... ok
test compose::ordered_tests::change_record_tail_is_emitted_in_command_position_order ... ok
test compose::ordered_tests::composed_terminal_reap_waits_for_durable_emission_cursor ... ok
test compose::ordered_tests::emission_cursor_failover_keeps_stable_dedup_key ... ok
test compose::ordered_tests::emission_cursor_recovers_from_crash_without_skipping ... ok
test compose::poison_tests::hard_backpressure_without_poison_replays_from_genesis_not_the_lagging_high_water ... ok
test compose::ordered_tests::pause_blocks_claims_and_optionally_intake ... ok
test compose::ordered_tests::ordered_hybrid_async_barrier_force_seals_before_claims_and_applies_before_release ... ok
test compose::ordered_tests::pause_does_not_alter_lease_clock ... ok
test compose::poison_tests::healthy_projection_trusts_its_recovery_high_water ... ok
test compose::poison_tests::poison_high_water_never_advances_past_the_poison_point ... ok
test compose::poison_tests::healthy_empty_projection_replays_from_genesis ... ok
test compose::poison_tests::poison_takes_precedence_over_hard_backpressure ... ok
test compose::poison_tests::poison_stops_recovery_by_failing_closed ... ok
test control_plane::tests::a_different_owners_live_lease_blocks_acquire ... ok
test control_plane::tests::acquire_records_the_new_epoch_before_returning ... ok
test control_plane::tests::expired_lease_is_reclaimable_at_a_strictly_greater_epoch ... ok
test control_plane::tests::epoch_strictly_increases_across_every_ownership_change ... ok
test control_plane::tests::a_superseded_owner_is_fenced_on_renew_after_handoff ... ok
test control_plane::tests::resolve_is_a_deterministic_pure_function_of_queue_and_live_set ... ok
test control_plane::tests::no_live_owner_resolves_to_no_target ... ok
test control_plane::tests::the_same_owner_reaffirming_its_live_lease_preserves_the_epoch ... ok
test control_plane::tests::hrw_spreads_queues_and_moves_only_a_fraction_when_an_owner_leaves ... ok
test control_plane::tests::unregistered_or_dead_owner_cannot_acquire ... ok
test control_plane::tests::the_same_owner_reacquiring_its_lapsed_lease_preserves_the_epoch ... ok
test density::tests::admit_evicts_the_least_recently_used ... ok
test density::tests::batched_renewal_renews_all_resident_leases_in_one_pass ... ok
test density::tests::batched_renewal_sheds_a_fenced_queue ... ok
test density::tests::eviction_surfaces_the_lease_for_release_so_resources_are_actually_bounded ... ok
test density::tests::re_admitting_a_resident_queue_evicts_nothing ... ok
test finalize_validation::tests::finalize_targeting_requires_target_and_lease ... ok
test control_plane::tests::full_lifecycle_acquire_renew_drain_release_reacquire ... ok
test error::commit_rejection_tests::commit_rejections_round_trip_identically ... ok
test finalize_validation::tests::finalize_target_and_lease_families_are_independent ... ok
test control_plane::tests::renew_fails_closed_on_stale_epoch_wrong_owner_or_expiry ... ok
test finalize_validation::tests::purge_targeting_and_force_gate ... ok
test finalize_validation::tests::rearm_missing_not_before_wins_over_until ... ok
test finalize_validation::tests::rearm_past_until_is_terminal ... ok
test idempotency::tests::expired_entry_reports_expired_then_compacts ... ok
test finalize_validation::tests::rearm_requires_recurring_and_not_before ... ok
test idempotency::tests::new_request_proceeds ... ok
test idempotency::tests::replay_rebuilds_from_the_retained_window ... ok
test idempotency::tests::check_then_record_flow_never_overwrites_a_live_outcome ... ok
test idempotency::tests::same_request_different_body_conflicts ... ok
test operator::tests::cancel_stops_non_terminal_and_leaves_terminal_intact ... ok
test idempotency::tests::same_request_same_body_replays_cached_outcome ... ok
test operator::tests::check_then_record_flow_never_starts_a_second_operation ... ok
test operator::tests::different_body_same_request_is_conflict ... ok
test operator::tests::advance_progresses_until_terminal_then_is_frozen ... ok
test operator::tests::get_returns_recorded_operation_and_none_for_unknown ... ok
test operator::tests::new_create_is_not_yet_anchored ... ok
test ownership::tests::an_assigned_owner_serving_is_not_an_ownership_violation ... ok
test ownership::tests::durable_cp_mismatch_still_fails_closed ... ok
test operator::tests::replay_same_request_returns_same_operation ... ok
test control_plane::tests::concurrent_acquires_linearize_to_distinct_strictly_increasing_epochs ... ok
test ownership::tests::unowned_or_draining_past_the_bound_is_a_violation ... ok
test ownership::tests::unowned_within_the_bound_is_not_yet_a_violation ... ok
test operator::tests::dedup_is_permanent_no_retention_window ... ok
test tests::canonical_resp_tokens_match_td006 ... ok
test tests::command_position_is_shard_local_monotonic ... ok
test operator::tests::store_is_reconstructable_by_replaying_the_record_log ... ok
test tests::durability_class_gates_upsert ... ok
test tests::gate_validation_rejects_when_capability_absent ... ok
test tests::pause_error_is_structured ... ok
test ownership::tests::ephemeral_restart_reacquire_advances_storage_and_serves ... ok
test ownership::tests::no_eligible_work_is_never_a_violation ... ok
test density::tests::resident_set_stays_bounded_as_queue_count_grows_to_1000 ... ok

test result: ok. 96 passed; 0 failed; 0 ignored; 0 measured; 0 filtered out; finished in 0.01s

     Running tests/dependency_direction.rs (target/llvm-cov-target/debug/deps/dependency_direction-d703e4e8dfa0bbba)

running 1 test
test domain_crates_do_not_depend_on_adapters ... ok

test result: ok. 1 passed; 0 failed; 0 ignored; 0 measured; 0 filtered out; finished in 0.00s

     Running tests/read_as_of.rs (target/llvm-cov-target/debug/deps/read_as_of-5486a8f5df7a3fb0)

running 1 test
test read_as_of_reconstructs_prior_state ... ok

test result: ok. 1 passed; 0 failed; 0 ignored; 0 measured; 0 filtered out; finished in 0.00s

info: cargo-llvm-cov currently setting cfg(coverage); you can opt-out it by passing --no-cfg-coverage
   Compiling find-msvc-tools v0.1.9
   Compiling shlex v2.0.1
   Compiling cc v1.2.64
   Compiling pkg-config v0.3.33
   Compiling vcpkg v0.2.15
   Compiling thiserror v2.0.18
   Compiling libsqlite3-sys v0.30.1
   Compiling thiserror-impl v2.0.18
   Compiling hashbrown v0.14.5
   Compiling hashlink v0.9.1
   Compiling cobs v0.3.0
   Compiling fallible-iterator v0.3.0
   Compiling fallible-streaming-iterator v0.1.9
   Compiling bitflags v2.13.0
   Compiling rusqlite v0.32.1
   Compiling postcard v1.1.3
   Compiling pqueue-objectlog v0.14.0 (/home/erik/.cache/ddx/exec-wt/.execute-bead-wt-pqueue-60472d3f-20260715T043214-936c36b0/crates/pqueue-objectlog)
   Compiling pqueue-sqlite v0.14.0 (/home/erik/.cache/ddx/exec-wt/.execute-bead-wt-pqueue-60472d3f-20260715T043214-936c36b0/crates/pqueue-sqlite)
   Compiling pqueue-memory v0.14.0 (/home/erik/.cache/ddx/exec-wt/.execute-bead-wt-pqueue-60472d3f-20260715T043214-936c36b0/crates/pqueue-memory)
   Compiling tokio-macros v2.7.0
   Compiling tokio v1.52.3
   Compiling pqueue-release v0.14.0 (/home/erik/.cache/ddx/exec-wt/.execute-bead-wt-pqueue-60472d3f-20260715T043214-936c36b0/crates/pqueue-release)
   Compiling pqueue v0.14.0 (/home/erik/.cache/ddx/exec-wt/.execute-bead-wt-pqueue-60472d3f-20260715T043214-936c36b0/crates/pqueue)
    Finished `test` profile [unoptimized + debuginfo] target(s) in 1m 15s
     Running unittests src/lib.rs (target/llvm-cov-target/debug/deps/pqueue-56811741bb180730)

running 0 tests

test result: ok. 0 passed; 0 failed; 0 ignored; 0 measured; 0 filtered out; finished in 0.00s

     Running tests/coordination.rs (target/llvm-cov-target/debug/deps/coordination-f2bcf3504d178819)

running 4 tests
test coordinated_owner_acquires_and_operates ... ok
test ownership_value_form ... ok
test superseded_owner_is_fenced_on_data_path ... ok
test draining_owner_refuses_new_claim_but_serves_in_flight ... ok

test result: ok. 4 passed; 0 failed; 0 ignored; 0 measured; 0 filtered out; finished in 0.00s

     Running tests/encapsulation.rs (target/llvm-cov-target/debug/deps/encapsulation-3029c31d90332e6a)

running 4 tests
test facade_exports_queue_definition_construction_surface ... ok
test open_memory_builds_a_usable_pqueue ... ok
test public_surface_exposes_no_port_or_backend ... ok
test open_sqlite_builds_a_usable_pqueue ... ok

test result: ok. 4 passed; 0 failed; 0 ignored; 0 measured; 0 filtered out; finished in 0.00s

     Running tests/facade.rs (target/llvm-cov-target/debug/deps/facade-485f6278c0c890d0)

running 22 tests
test claim_at_resolves_eligibility_at_an_explicit_epoch_over_memory ... ok
test claimed_renders_only_leased_items ... ok
test ack_of_non_leased_id_is_a_structured_error ... ok
test fail_dead_letters_a_claimed_item ... ok
test api001_reservation_policy_is_recorded_or_enforced ... ok
test claimed_item_exposes_api001_shape_over_facade ... ok
test legacy_bytes_items_push_claim_roundtrip ... ok
test push_claim_ack_nack_lifecycle_over_memory ... ok
test purge_force_removes_a_leased_item_and_gates_without_force ... ok
test reassign_transfers_and_charges_one_delivery ... ok
test rearm_resets_attempt_and_requeues_the_item ... ok
test reclaim_expired_recovers_leased_over_memory ... ok
test renew_extends_lease_without_charging_a_delivery ... ok
test request_id_push_is_idempotent_on_memory_backend ... ok
test two_handles_on_one_backend_do_not_collide_ids ... ok
test typed_json_payload_round_trips_push_claim_and_commit_lifecycle ... ok
test update_fields_merges_versions_and_cas_over_memory ... ok
test update_fields_rejects_terminal_over_memory ... ok
test upsert_dedups_on_client_item_key_over_memory ... ok
test objectlog_push_works_but_upsert_is_unavailable ... ok
test update_fields_unavailable_over_objectlog ... ok
test request_id_push_replays_over_sqlite_relational_facade ... ok

test result: ok. 22 passed; 0 failed; 0 ignored; 0 measured; 0 filtered out; finished in 0.12s

     Running tests/hot_projection_queries.rs (target/llvm-cov-target/debug/deps/hot_projection_queries-2f724f9931df2c1d)

running 10 tests
test hot_projection_fixture_seeds_six_claimable_records_and_resolves_target_key_lookup ... ok
test ordered_cursor_pagination_is_stable ... ok
test detail_range_filter_by_run_status_and_schedule ... ok
test hourly_distribution_by_status ... ok
test engagement_probability_segments ... ok
test backend_capability_advertising_is_explicit ... ok
test safe_recycling_rule_update_marks_only_act_001 ... ok
test claim_due_scheduled_actions_by_query ... ok
test bounded_mutation_rejects_claimed_records_without_losing_the_claim ... ok
test recycling_preview_by_hour ... ok

test result: ok. 10 passed; 0 failed; 0 ignored; 0 measured; 0 filtered out; finished in 0.65s

     Running tests/postgres_constructors.rs (target/llvm-cov-target/debug/deps/postgres_constructors-d82d22269dedfddb)

running 0 tests

test result: ok. 0 passed; 0 failed; 0 ignored; 0 measured; 0 filtered out; finished in 0.00s

     Running tests/product_validation_tests.rs (target/llvm-cov-target/debug/deps/product_validation_tests-0b977b605a2a6831)

running 8 tests
test jobs_connectors_recurring_e2e ... ok
test callback_cohort_e2e ... ok
test downstream_pacing_non_goal_e2e ... ok
test generic_priority_bounded_relaxed_e2e ... ok
test marketo_group_batching_e2e ... ok
test worker_crash_recovery_e2e ... ok
test noisy_neighbor_scale_e2e ... ok
test scheduled_action_delivery_e2e ... ok

test result: ok. 8 passed; 0 failed; 0 ignored; 0 measured; 0 filtered out; finished in 1.66s

     Running tests/request_id_idempotency.rs (target/llvm-cov-target/debug/deps/request_id_idempotency-d4d6a32877cd2b93)

running 4 tests
test same_request_id_different_body_conflicts ... ok
test same_request_id_same_body_replays_without_a_second_append ... ok
test distinct_request_ids_each_append ... ok
test retry_after_retention_window_is_a_fresh_push ... ok

test result: ok. 4 passed; 0 failed; 0 ignored; 0 measured; 0 filtered out; finished in 0.00s

     Running tests/schema_validation.rs (target/llvm-cov-target/debug/deps/schema_validation-df1b5a6cfbe230ce)

running 11 tests
test schema_validation_schemaless_queue_accepts_any_entity ... ok
test schema_validation_push_valid_entity_accepted ... ok
test schema_validation_push_invalid_entity_rejected ... ok
test schema_validation_push_no_entity_on_typed_queue_accepted ... ok
test schema_validation_update_fields_valid_entity_accepted ... ok
test schema_validation_upsert_invalid_entity_rejected ... ok
test schema_validation_invalid_push_does_not_consume_item_counter ... ok
test schema_validation_update_fields_invalid_entity_rejected ... ok
test schema_validation_invalid_push_with_request_id_does_not_consume_item_counter ... ok
test schema_validation_push_with_request_id_no_idempotency_entry_on_failure ... ok
test schema_validation_invalid_commit_lifecycle_item_does_not_consume_item_counter ... ok

test result: ok. 11 passed; 0 failed; 0 ignored; 0 measured; 0 filtered out; finished in 0.04s

     Running tests/secondary_indexes.rs (target/llvm-cov-target/debug/deps/secondary_indexes-95f173019c2d06cc)

running 13 tests
test secondary_indexes_legacy_index_is_byte_exact_for_invalid_utf8 ... ok
test secondary_indexes_raw_bytes_invalid_for_typed_index_are_rejected ... ok
test secondary_indexes_string_typed_field_with_numeric_looking_value_is_queryable ... ok
test secondary_indexes_purge_removes_the_index_entry ... ok
test secondary_indexes_missing_fields_remain_sparse ... ok
test secondary_indexes_typed_integer_boolean_datetime_and_compound_semantics_work ... ok
test secondary_indexes_unique_conflicts_are_atomic_for_push_update_and_replace ... ok
test secondary_indexes_typed_value_query_and_name_based_resolution ... ok
test secondary_indexes_update_fields_none_entity_preserves_typed_index ... ok
test secondary_indexes_upsert_insert_typed_unique_conflict_is_rejected ... ok
test secondary_indexes_update_fields_and_replace_move_the_indexed_entry ... ok
test secondary_indexes_sqlite_log_replay_upsert_insert_and_update_typed_unique_conflict ... ok
test secondary_indexes_typed_query_relational_error_precedence_is_explicit ... ok

test result: ok. 13 passed; 0 failed; 0 ignored; 0 measured; 0 filtered out; finished in 0.00s

     Running tests/vectorized_commit.rs (target/llvm-cov-target/debug/deps/vectorized_commit-0bd6b36adebf5223)

running 7 tests
test commit_validates_writes_side_records_enqueues_lifecycle_and_finalizes ... ok
test commit_rejects_bad_lease_token_and_bad_version_without_writing ... ok
test commit_advances_validates_and_rejects_instance_fence ... ok
test explain_commit_reconstructs_the_transition_and_side_records_are_non_work ... ok
test commit_request_id_replays_conflicts_and_expires ... ok
test commit_is_unavailable_on_a_non_atomic_backend ... ok
test capabilities_advertise_atomic_commit_on_memory_and_reject_objectlog ... ok

test result: ok. 7 passed; 0 failed; 0 ignored; 0 measured; 0 filtered out; finished in 0.00s

info: cargo-llvm-cov currently setting cfg(coverage); you can opt-out it by passing --no-cfg-coverage
   Compiling serde_json v1.0.150
   Compiling referencing v0.28.3
   Compiling fancy-regex v0.14.0
   Compiling jsonschema v0.28.3
   Compiling axon-esf v0.3.2 (https://github.com/DocumentDrivenDX/axon?tag=v0.3.2#64d2bf60)
   Compiling pqueue-core v0.14.0 (/home/erik/.cache/ddx/exec-wt/.execute-bead-wt-pqueue-60472d3f-20260715T043214-936c36b0/crates/pqueue-core)
   Compiling pqueue-engine v0.14.0 (/home/erik/.cache/ddx/exec-wt/.execute-bead-wt-pqueue-60472d3f-20260715T043214-936c36b0/crates/pqueue-engine)
   Compiling pqueue-projection v0.14.0 (/home/erik/.cache/ddx/exec-wt/.execute-bead-wt-pqueue-60472d3f-20260715T043214-936c36b0/crates/pqueue-projection)
   Compiling pqueue-conformance v0.14.0 (/home/erik/.cache/ddx/exec-wt/.execute-bead-wt-pqueue-60472d3f-20260715T043214-936c36b0/crates/pqueue-conformance)
   Compiling pqueue-memory v0.14.0 (/home/erik/.cache/ddx/exec-wt/.execute-bead-wt-pqueue-60472d3f-20260715T043214-936c36b0/crates/pqueue-memory)
    Finished `test` profile [unoptimized + debuginfo] target(s) in 29.81s
     Running unittests src/lib.rs (target/llvm-cov-target/debug/deps/pqueue_memory-d1fd1295059ee4b0)

running 53 tests
test tests::claim_empty_when_nothing_eligible ... ok
test tests::claim_compatibility_is_resolved_and_gated ... ok
test tests::claim_then_complete_lifecycle ... ok
test tests::claim_fences_superseded_owner_epoch ... ok
test tests::claim_returns_priority_ordered_rich_items ... ok
test tests::claim_with_explicit_eligibility_time ... ok
test tests::claimed_item_shape_reflects_update_fields_after_reclaim ... ok
test tests::claimed_item_shape_includes_payload_fields_and_gate_keys ... ok
test tests::claimed_view_renders_leased_items ... ok
test tests::claimed_item_shape_omits_empty_conditionals ... ok
test tests::composed_capability_parity::commit_capabilities_reach_memory_parity ... ok
test tests::commit_path_propagates_request_id_into_every_command_envelope ... ok
test tests::composed_capability_parity::reschedule_reprices_live_item ... ok
test tests::composed_capability_parity::commit_path_propagates_request_id_into_every_command_envelope ... ok
test tests::composed_capability_parity::set_gates_and_discover_are_unavailable ... ok
test tests::composed_capability_parity::commit_request_id_conflicts_on_body_change ... ok
test tests::distinct_node_ids_never_collide_on_concurrent_push ... ok
test tests::epoch_fence_closes_pre_segment_window ... ok
test tests::commit_transition_shared_scenario_runs_against_composed_memory ... ok
test tests::fenced_lease_finalize_is_stale ... ok
test tests::finalize_fences_superseded_owner_epoch ... ok
test tests::finalize_of_nonleased_item_is_rejected_without_appending ... ok
test tests::gate_bearing_push_and_raw_setgates_are_rejected_before_commit ... ok
test tests::high_water_is_monotonic ... ok
test tests::lapsed_same_owner_reacquire_does_not_self_fence_inflight_writes ... ok
test tests::high_water_advances_on_each_commit ... ok
test tests::manual_clock_and_idgen_are_real ... ok
test tests::paused_queue_yields_no_claims ... ok
test tests::pause_and_fence_reconstruct_from_log ... ok
test tests::peek_is_priority_ordered_and_nondestructive ... ok
test tests::pending_lists_leased_items ... ok
test tests::push_fences_superseded_owner_epoch ... ok
test tests::push_then_select_eligible_in_priority_order ... ok
test tests::purge_removes_present_items_and_gates_leased ... ok
test tests::reassign_swaps_token_and_charges_attempt ... ok
test tests::rejected_mutations_do_not_append_commands ... ok
test tests::replace_pending_supersedes_old ... ok
test tests::reclaim_expired_sweeps_per_queue ... ok
test tests::renew_extends_lease_and_rejects ... ok
test tests::request_id_push_replays_once_and_conflicts_on_body_change ... ok
test tests::structured_live_items_are_ordered_and_only_live ... ok
test tests::successful_push_is_visible_before_response_returns ... ok
test tests::retry_beyond_max_attempts_goes_terminal ... ok
test tests::upsert_inserts_then_replaces_pending ... ok
test tests::update_fields_merges_and_cas ... ok
test tests::upsert_preserves_group_delay_and_payload_in_claim_shape ... ok
test tests::retry_with_backoff_defers_eligibility ... ok
test tests::rejected_finalize_leaves_visible_state_unchanged ... ok
test tests::snapshots_write_read_latest ... ok
test tests::upsert_rejects_claimed_and_terminal ... ok
test tests::tick_reclaims_expired_lease_with_no_client_traffic ... ok
test tests::tick_lease_boundary_is_half_open ... ok
test tests::stale_epoch_append_is_fenced ... ok

test result: ok. 53 passed; 0 failed; 0 ignored; 0 measured; 0 filtered out; finished in 0.01s

     Running tests/ownership.rs (target/llvm-cov-target/debug/deps/ownership-2b4952a0d065ad4b)

running 3 tests
test a_superseded_owner_is_fenced_at_the_append_seam ... ok
test a_same_owner_reaffirm_preserves_its_fence_and_does_not_self_fence ... ok
test a_live_lease_rejects_a_second_acquire_without_touching_the_fence ... ok

test result: ok. 3 passed; 0 failed; 0 ignored; 0 measured; 0 filtered out; finished in 0.00s

info: cargo-llvm-cov currently setting cfg(coverage); you can opt-out it by passing --no-cfg-coverage
   Compiling pqueue-sqlite v0.14.0 (/home/erik/.cache/ddx/exec-wt/.execute-bead-wt-pqueue-60472d3f-20260715T043214-936c36b0/crates/pqueue-sqlite)
    Finished `test` profile [unoptimized + debuginfo] target(s) in 1m 20s
     Running unittests src/lib.rs (target/llvm-cov-target/debug/deps/pqueue_sqlite-0d34944a2e71d06d)

running 14 tests
test relational::group_summary_tests::request_id_push_replays_prior_ids_without_second_append ... ok
test relational::group_summary_tests::request_id_push_conflicts_on_different_body ... ok
test relational::group_summary_tests::push_without_request_id_still_appends_each_call ... ok
test relational::group_summary_tests::pending_purge_records_no_retention_tombstone ... ok
test relational::group_summary_tests::sqlite_terminal_reap_opt_out_ignores_cursor ... ok
test relational::group_summary_tests::sqlite_terminal_reap_sweeps_with_cursor_conjunction ... ok
test relational::group_summary_tests::group_summary_tracks_eligibility_through_the_lifecycle ... ok
test relational::group_summary_tests::finalize_release_returns_item_to_the_group_summary ... ok
test relational::group_summary_tests::group_batching_discovers_group_that_becomes_due_by_time ... ok
test relational::group_summary_tests::cohort_expired_drains_the_group_summary ... ok
test relational::group_summary_tests::same_group_claim_discovers_group_that_becomes_due_by_time ... ok
test relational::group_summary_tests::lease_expiry_returns_item_to_the_group_summary ... ok
test relational::group_summary_tests::due_refresh_keeps_gate_blocked_groups_unclaimable ... ok
test relational::group_summary_tests::group_summary_survives_reopen ... ok

test result: ok. 14 passed; 0 failed; 0 ignored; 0 measured; 0 filtered out; finished in 0.13s

     Running tests/composed_commit_duplicate_unique_index.rs (target/llvm-cov-target/debug/deps/composed_commit_duplicate_unique_index-b1d3d2ae4a4618c1)

running 2 tests
test composed_sqlite_relational_rejects_in_commit_duplicate_unique_key_and_reopens_clean ... ok
test composed_sqlite_log_rejects_in_commit_duplicate_unique_key_and_reopens_clean ... ok

test result: ok. 2 passed; 0 failed; 0 ignored; 0 measured; 0 filtered out; finished in 0.51s

     Running tests/composed_log_projection_reconnect.rs (target/llvm-cov-target/debug/deps/composed_log_projection_reconnect-90ad7d4c361efec2)

running 4 tests
test reconnect_after_crash_preserves_committed_state ... ok
test reconnect_after_rejected_mutation_has_no_phantom_commit ... ok
test reconnect_preserves_terminal_and_pending_state ... ok
test reconnect_preserves_leased_item_state ... ok

test result: ok. 4 passed; 0 failed; 0 ignored; 0 measured; 0 filtered out; finished in 2.95s

     Running tests/composed_log_reconnect.rs (target/llvm-cov-target/debug/deps/composed_log_reconnect-ae6238661719780f)

running 5 tests
test reconnect_after_crash_preserves_committed_state ... ok
test reconnect_after_rejected_mutation_has_no_phantom_commit ... ok
test reconnect_preserves_leased_item_state ... ok
test reconnect_preserves_terminal_and_pending_state ... ok
test emission_cursor_persists_across_reopen_sqlite_log ... ok

test result: ok. 5 passed; 0 failed; 0 ignored; 0 measured; 0 filtered out; finished in 1.30s

     Running tests/composed_relational_parity.rs (target/llvm-cov-target/debug/deps/composed_relational_parity-6ebf5950dac6df8d)

running 8 tests
test composed_log_replay_claim_stays_unavailable_for_non_item_units ... ok
test composed_log_replay_discovery_stays_unavailable ... ok
test composed_relational_discover_active_scopes_rolls_up ... ok
test composed_relational_set_gates_and_gate_bearing_push_accepted ... ok
test composed_relational_fenced_rich_claim_leaves_group_summary_unchanged ... ok
test composed_relational_whole_cohort_claim_selects_and_leases ... ok
test composed_relational_same_group_key_claim_selects ... ok
test composed_relational_whole_group_claim_selects ... ok

test result: ok. 8 passed; 0 failed; 0 ignored; 0 measured; 0 filtered out; finished in 0.03s

     Running tests/composed_relational_reconnect.rs (target/llvm-cov-target/debug/deps/composed_relational_reconnect-fd017bd4ab08fd6e)

running 8 tests
test composed_relational_recover_replays_tail ... ok
test reconnect_after_crash_preserves_committed_state ... ok
test reconnect_preserves_terminal_and_pending_state ... ok
test composed_relational_reap_all_does_not_resurrect_ids ... ok
test emission_cursor_persists_across_reopen_sqlite_relational ... ok
test composed_relational_recovery_seeds_counters ... ok
test reconnect_after_rejected_mutation_has_no_phantom_commit ... ok
test reconnect_preserves_leased_item_state ... ok

test result: ok. 8 passed; 0 failed; 0 ignored; 0 measured; 0 filtered out; finished in 0.32s

     Running tests/composed_relational_terminal_reap.rs (target/llvm-cov-target/debug/deps/composed_relational_terminal_reap-5fd2b58981e4d1fb)

running 2 tests
test reap_ignores_emission_cursor_for_opted_out_queue ... ok
test reap_waits_for_emission_cursor_on_opted_in_queue ... ok

test result: ok. 2 passed; 0 failed; 0 ignored; 0 measured; 0 filtered out; finished in 0.01s

     Running tests/conformance.rs (target/llvm-cov-target/debug/deps/conformance-f88bd03a1de6aff7)

running 42 tests
test claim_empty_when_nothing_eligible ... ok
test claim_returns_priority_ordered_rich_items ... ok
test claimed_item_shape_includes_payload_fields_and_gate_keys ... ok
test peek_is_priority_ordered_and_nondestructive ... ok
test high_water_is_monotonic ... ok
test claimed_item_shape_omits_empty_conditionals ... ok
test epoch_fence_closes_pre_segment_window ... ok
test claim_compatibility_is_resolved_and_gated ... ok
test claim_then_complete_lifecycle ... ok
test finalize_of_nonleased_item_is_rejected_without_appending ... ok
test rejected_finalize_leaves_visible_state_unchanged ... ok
test claim_fences_superseded_owner_epoch ... ok
test claimed_view_renders_leased_items ... ok
test request_id_push_replays_once_and_conflicts_on_body_change ... ok
test push_then_select_eligible_in_priority_order ... ok
test push_fences_superseded_owner_epoch ... ok
test high_water_advances_on_each_commit ... ok
test pending_lists_leased_items ... ok
test rejected_mutations_do_not_append_commands ... ok
test reassign_swaps_token_and_charges_attempt ... ok
test purge_removes_present_items_and_gates_leased ... ok
test replace_pending_supersedes_old ... ok
test retry_with_backoff_defers_eligibility ... ok
test paused_queue_yields_no_claims ... ok
test fenced_lease_finalize_is_stale ... ok
test reclaim_expired_sweeps_per_queue ... ok
test renew_extends_lease_and_rejects ... ok
test retry_beyond_max_attempts_goes_terminal ... ok
test successful_push_is_visible_before_response_returns ... ok
test stale_epoch_append_is_fenced ... ok
test snapshots_write_read_latest ... ok
test upsert_inserts_then_replaces_pending ... ok
test update_fields_merges_and_cas ... ok
test claimed_item_shape_reflects_update_fields_after_reclaim ... ok
test upsert_rejects_claimed_and_terminal ... ok
test pause_and_fence_reconstruct_from_log ... ok
test tick_lease_boundary_is_half_open ... ok
test structured_live_items_are_ordered_and_only_live ... ok
test upsert_preserves_group_delay_and_payload_in_claim_shape ... ok
test tick_reclaims_expired_lease_with_no_client_traffic ... ok
test commit_transition_shared_scenario_runs_against_sqlite_log_replay ... ok
test claim_with_explicit_eligibility_time ... ok

test result: ok. 42 passed; 0 failed; 0 ignored; 0 measured; 0 filtered out; finished in 0.06s

     Running tests/cross_family_parity.rs (target/llvm-cov-target/debug/deps/cross_family_parity-9228d6a256dae49a)

running 1 test
test in_memory_and_relational_families_are_core_identical ... ok

test result: ok. 1 passed; 0 failed; 0 ignored; 0 measured; 0 filtered out; finished in 0.01s

     Running tests/durability.rs (target/llvm-cov-target/debug/deps/durability-acb3f7d5c22ea42f)

running 4 tests
test snapshots_round_trip_and_latest_is_most_recent ... ok
test high_water_persists_across_reopen ... ok
test projection_rebuilds_from_durable_log_on_reopen ... ok
test orchestration_writes_after_reopen_do_not_collide ... ok

test result: ok. 4 passed; 0 failed; 0 ignored; 0 measured; 0 filtered out; finished in 0.99s

     Running tests/hybrid_async_backpressure.rs (target/llvm-cov-target/debug/deps/hybrid_async_backpressure-73321b0f36622744)

running 13 tests
test hybrid_async_backpressure_a_clean_batch_resets_the_consecutive_retry_count_before_poison ... ok
test hybrid_async_backpressure_backpressure_count_and_duration_are_tracked ... ok
test hybrid_async_backpressure_admission_gate_rejects_mutations_only_under_hard_backpressure ... ok
test hybrid_async_backpressure_debt_crosses_soft_then_hard_bands ... ok
test hybrid_async_backpressure_any_single_metric_at_its_hard_limit_trips_backpressure ... ok
test hybrid_async_backpressure_hard_backpressure_holds_until_debt_clears_below_half_after_a_clean_batch ... ok
test hybrid_async_backpressure_metrics_snapshot_exposes_the_full_observability_surface ... ok
test hybrid_async_backpressure_non_contiguous_apply_poisons_immediately ... ok
test hybrid_async_backpressure_recovery_high_water_is_withheld_under_hard_backpressure_and_poison ... ok
test hybrid_async_backpressure_repeated_apply_failure_poisons_and_fails_closed ... ok
test hybrid_async_backpressure_retention_advances_only_when_clear_and_healthy ... ok
test hybrid_async_backpressure_zero_threshold_is_rejected ... ok
test hybrid_async_backpressure_checkpoint_store_reports_wal_size_and_apply_lag ... ok

test result: ok. 13 passed; 0 failed; 0 ignored; 0 measured; 0 filtered out; finished in 0.00s

     Running tests/hybrid_async_chaos.rs (target/llvm-cov-target/debug/deps/hybrid_async_chaos-5f3ff8fe6a3a9def)

running 10 tests
test hybrid_async_chaos_apply_backlog_gates_mutations_and_withholds_high_water_until_drained ... ok
test hybrid_async_chaos_disk_full_apply_failure_poisons_and_never_advances_past_poison ... ok
test hybrid_async_chaos_crash_after_high_water_replays_committed_batch_idempotently ... ok
test hybrid_async_chaos_crash_during_sqlite_txn_leaves_no_partial_apply_or_orphan_lease ... ok
test hybrid_async_chaos_crash_after_objectlog_commit_before_apply_replays_full_tail ... ok
test hybrid_async_chaos_crash_before_response_delivery_replays_request_id ... ok
test hybrid_async_chaos_projection_poison_withholds_advanced_high_water ... ok
test hybrid_async_chaos_crash_after_memory_apply_before_sqlite_apply_resumes_at_prefix ... ok
test hybrid_async_chaos_rolled_back_finalize_keeps_recoverable_inflight_lease ... ok
test hybrid_async_chaos_disk_loss_resets_high_water_and_rebuilds_from_log ... ok

test result: ok. 10 passed; 0 failed; 0 ignored; 0 measured; 0 filtered out; finished in 0.24s

     Running tests/hybrid_async_checkpoint.rs (target/llvm-cov-target/debug/deps/hybrid_async_checkpoint-486675c9beb7f14d)

running 7 tests
test hybrid_async_checkpoint_wraps_an_existing_projection_store ... ok
test hybrid_async_checkpoint_persists_idempotency_rows_through_high_water ... ok
test hybrid_async_checkpoint_records_object_log_lineage ... ok
test hybrid_async_checkpoint_skips_already_applied_prefix_idempotently ... ok
test hybrid_async_checkpoint_applies_ordered_batches_and_advances_logical_high_water ... ok
test hybrid_async_checkpoint_survives_reopen_and_rehydrates_memory ... ok
test hybrid_async_checkpoint_distinguishes_logical_high_water_from_wal_checkpoint ... ok

test result: ok. 7 passed; 0 failed; 0 ignored; 0 measured; 0 filtered out; finished in 0.18s

     Running tests/hybrid_async_recovery.rs (target/llvm-cov-target/debug/deps/hybrid_async_recovery-364b7de284dd42d6)

running 4 tests
test hybrid_async_recovery_fails_closed_on_newer_lineage_epoch ... ok
test hybrid_async_recovery_fails_closed_when_sqlite_ahead_of_log ... ok
test hybrid_async_recovery_no_lineage_still_checks_high_water ... ok
test hybrid_async_recovery_hydrates_validates_and_advertises_high_water ... ok

test result: ok. 4 passed; 0 failed; 0 ignored; 0 measured; 0 filtered out; finished in 0.22s

     Running tests/ownership_restart.rs (target/llvm-cov-target/debug/deps/ownership_restart-85d2bcc52f0b0c62)

running 1 test
test ownership_restart_reacquire_serves_push_claim ... ok

test result: ok. 1 passed; 0 failed; 0 ignored; 0 measured; 0 filtered out; finished in 0.00s

     Running tests/reconnect_smoke.rs (target/llvm-cov-target/debug/deps/reconnect_smoke-e6bc616d5a92dae3)

running 4 tests
test reconnect_after_crash_preserves_committed_state ... ok
test reconnect_after_rejected_mutation_has_no_phantom_commit ... ok
test reconnect_preserves_terminal_and_pending_state ... ok
test reconnect_preserves_leased_item_state ... ok

test result: ok. 4 passed; 0 failed; 0 ignored; 0 measured; 0 filtered out; finished in 1.91s

     Running tests/relational_commit.rs (target/llvm-cov-target/debug/deps/relational_commit-c39754a1b405af9a)

running 6 tests
test relational_commit_request_id_replays_without_double_write ... ok
test relational_commit_advances_validates_and_rejects_instance_fence ... ok
test relational_advertises_full_commit_capabilities ... ok
test schema_validation_rejects_before_append_and_idempotency_on_sqlite_relational ... ok
test relational_explain_commit_recovers_transition_and_survives_reopen ... ok
test relational_commit_rejects_bad_token_and_bad_version_without_writing ... ok

test result: ok. 6 passed; 0 failed; 0 ignored; 0 measured; 0 filtered out; finished in 0.52s

     Running tests/relational_conformance.rs (target/llvm-cov-target/debug/deps/relational_conformance-6e0d20f85755b463)

running 170 tests
test composed::claim_empty_when_nothing_eligible ... ok
test claimed_item_shape_omits_empty_conditionals ... ok
test adr011_typed_schema_less_queue_unaffected ... ok
test adr011_typed_purge_frees_unique_key ... ok
test claim_empty_when_nothing_eligible ... ok
test claimed_view_renders_leased_items ... ok
test composed::claim_compatibility_is_resolved_and_gated ... ok
test blocked_gate_hides_items_then_clear_restores ... ok
test claim_then_complete_lifecycle ... ok
test any_blocked_key_hides_a_multi_gate_item ... ok
test adr011_typed_update_fields_and_replace_rekey ... ok
test adr011_typed_unique_conflicts_are_atomic ... ok
test claim_compatibility_is_resolved_and_gated ... ok
test claim_apply_leases_and_charges_delivery ... ok
test claim_returns_priority_ordered_rich_items ... ok
test adr011_typed_missing_fields_remain_sparse ... ok
test cohort_expired_fails_group_members ... ok
test adr011_typed_upsert_insert_unique_conflict_is_atomic ... ok
test composed::claim_then_complete_lifecycle ... ok
test adr011_typed_scalar_and_compound_indexes_work ... ok
test adr011_typed_update_fields_unique_conflict_is_atomic ... ok
test composed::claim_returns_priority_ordered_rich_items ... ok
test blocked_gate_on_a_cohort_member_blocks_the_whole_cohort ... ok
test claimed_item_shape_whole_cohort_omits_per_item_lease_token ... ok
test cohort_push_rejects_divergent_size_and_overfill ... ok
test cohort_renew_and_finalize_release_as_a_unit ... ok
test adr011_schema_validation_rejects_before_visible_state ... ok
test composed::finalize_of_nonleased_item_is_rejected_without_appending ... ok
test composed::claimed_view_renders_leased_items ... ok
test composed::epoch_fence_closes_pre_segment_window ... ok
test composed::claimed_item_shape_omits_empty_conditionals ... ok
test claimed_item_shape_includes_payload_fields_and_gate_keys ... ok
test composed::fenced_lease_finalize_is_stale ... ok
test composed::pending_lists_leased_items ... ok
test composed::push_then_select_eligible_in_priority_order ... ok
test composed::paused_queue_yields_no_claims ... ok
test composed::peek_is_priority_ordered_and_nondestructive ... ok
test claimed_item_shape_reflects_update_fields_after_reclaim ... ok
test composed::reclaim_expired_sweeps_per_queue ... ok
test composed::rejected_finalize_leaves_visible_state_unchanged ... ok
test composed::reassign_swaps_token_and_charges_attempt ... ok
test composed::successful_push_is_visible_before_response_returns ... ok
test composed::request_id_push_replays_once_and_conflicts_on_body_change ... ok
test composed::replace_pending_supersedes_old ... ok
test composed::stale_epoch_append_is_fenced ... ok
test composed::renew_extends_lease_and_rejects ... ok
test composed::tick_reclaims_expired_lease_with_no_client_traffic ... ok
test composed::retry_with_backoff_defers_eligibility ... ok
test composed::purge_removes_present_items_and_gates_leased ... ok
test composed::structured_live_items_are_ordered_and_only_live ... ok
test composed::tick_lease_boundary_is_half_open ... ok
test commit_transition_shared_scenario_runs_against_sqlite_relational ... ok
test composed::retry_beyond_max_attempts_goes_terminal ... ok
test composed::update_fields_merges_and_cas ... ok
test composed::upsert_inserts_then_replaces_pending ... ok
test composed::claimed_item_shape_includes_payload_fields_and_gate_keys ... ok
test composed::upsert_rejects_claimed_and_terminal ... ok
test composed::claimed_item_shape_reflects_update_fields_after_reclaim ... ok
test composed::upsert_preserves_group_delay_and_payload_in_claim_shape ... ok
test composed_log_projection::claimed_item_shape_includes_payload_fields_and_gate_keys ... ok
test composed_log_projection::claim_returns_priority_ordered_rich_items ... ok
test composed_log_projection::claim_empty_when_nothing_eligible ... ok
test composed_log_projection::claimed_item_shape_omits_empty_conditionals ... ok
test composed_log_projection::claim_compatibility_is_resolved_and_gated ... ok
test composed_log_projection::claim_then_complete_lifecycle ... ok
test composed_log_projection::finalize_of_nonleased_item_is_rejected_without_appending ... ok
test composed_log_projection::high_water_is_monotonic ... ok
test composed_log_projection::high_water_advances_on_each_commit ... ok
test composed_log_projection::claimed_view_renders_leased_items ... ok
test composed_log_projection::epoch_fence_closes_pre_segment_window ... ok
test composed_log_projection::fenced_lease_finalize_is_stale ... ok
test composed_log_projection::peek_is_priority_ordered_and_nondestructive ... ok
test composed_log_projection::purge_removes_present_items_and_gates_leased ... ok
test composed_log_projection::paused_queue_yields_no_claims ... ok
test composed_log_projection::push_then_select_eligible_in_priority_order ... ok
test composed_log_projection::reassign_swaps_token_and_charges_attempt ... ok
test composed_log_projection::pending_lists_leased_items ... ok
test composed_log_projection::rejected_finalize_leaves_visible_state_unchanged ... ok
test composed_log_projection::rejected_mutations_do_not_append_commands ... ok
test composed_log_projection::reclaim_expired_sweeps_per_queue ... ok
test composed_log_projection::renew_extends_lease_and_rejects ... ok
test composed_log_projection::replace_pending_supersedes_old ... ok
test composed_log_projection::request_id_push_replays_once_and_conflicts_on_body_change ... ok
test claim_with_explicit_eligibility_time ... ok
test composed::claim_with_explicit_eligibility_time ... ok
test composed_log_projection::snapshots_write_read_latest ... ok
test discover_empty_queue_is_empty ... ok
test composed_log_projection::retry_beyond_max_attempts_goes_terminal ... ok
test composed_log_projection::retry_with_backoff_defers_eligibility ... ok
test discover_unknown_queue_is_empty_not_error ... ok
test discover_group_granularity_ranks_oldest_first ... ok
test discover_excludes_groups_with_no_eligible_work ... ok
test epoch_fence_closes_pre_segment_window ... ok
test discover_reports_scopes_on_a_paused_queue ... ok
test composed_log_projection::stale_epoch_append_is_fenced ... ok
test discover_queue_granularity_rolls_up_to_one_scope ... ok
test fence_then_unfence_gate_finalize ... ok
test finalize_of_nonleased_item_is_rejected_without_appending ... ok
test fenced_lease_finalize_is_stale ... ok
test composed_log_projection::successful_push_is_visible_before_response_returns ... ok
test composed_log_projection::upsert_inserts_then_replaces_pending ... ok
test composed_log_projection::structured_live_items_are_ordered_and_only_live ... ok
test composed_log_projection::update_fields_merges_and_cas ... ok
test composed_log_projection::tick_reclaims_expired_lease_with_no_client_traffic ... ok
test composed_log_projection::tick_lease_boundary_is_half_open ... ok
test composed_log_projection::upsert_preserves_group_delay_and_payload_in_claim_shape ... ok
test composed_log_projection::upsert_rejects_claimed_and_terminal ... ok
test finalize_retry_respects_attempt_bound ... ok
test composed_log_projection::claimed_item_shape_reflects_update_fields_after_reclaim ... ok
test group_batching_empty_and_invalid ... ok
test composed_log_projection::pause_and_fence_reconstruct_from_log ... ok
test group_batching_oversized_group_is_batch_too_large ... ok
test group_batching_leases_whole_groups_oldest_first ... ok
test pending_lists_leased_items ... ok
test group_batching_respects_the_max_items_ceiling ... ok
test item_level_finalize_and_renew_reject_cohort_members ... ok
test paused_queue_yields_no_claims ... ok
test peek_is_priority_ordered_and_nondestructive ... ok
test push_then_select_eligible_in_priority_order ... ok
test group_claim_yields_nothing_while_paused ... ok
test purge_removes_present_items_and_gates_leased ... ok
test reassign_swaps_token_and_charges_delivery ... ok
test reclaim_expired_sweeps_per_queue ... ok
test purged_terminal_key_is_retained_against_repush ... ok
test purge_removes_items_and_gates_leased ... ok
test released_item_keeps_its_fifo_slot ... ok
test rejected_finalize_leaves_visible_state_unchanged ... ok
test finalize_release_and_rearm_return_to_pending ... ok
test reassign_swaps_token_and_charges_attempt ... ok
test reclaim_tick_expires_incomplete_cohort ... ok
test replace_pending_supersedes_old ... ok
test renew_extends_lease_and_rejects ... ok
test renew_extends_lease_deadline ... ok
test request_id_push_replays_once_and_conflicts_on_body_change ... ok
test finalize_complete_and_fail_are_terminal ... ok
test retry_with_backoff_defers_eligibility ... ok
test retry_beyond_max_attempts_goes_terminal ... ok
test sqlite_relational_conformance_historical_projection_read_is_explicit ... ok
test stale_epoch_append_is_fenced ... ok
test same_group_key_leases_one_server_selected_group ... ok
test sqlite_relational_log_replay_branch_read_as_of ... ok
test structured_live_items_are_ordered_and_only_live ... ok
test successful_push_is_visible_before_response_returns ... ok
test tick_lease_boundary_is_half_open ... ok
test tick_reclaims_expired_lease_with_no_client_traffic ... ok
test typed_index_push_then_get_unique ... ok
test tick_reclaims_expired_lease ... ok
test typed_index_purge_frees_unique_key ... ok
test typed_index_update_fields_unique_conflict_is_atomic ... ok
test typed_index_push_then_lookup_nonunique ... ok
test typed_index_schema_less_queue_unaffected ... ok
test typed_index_replace_pending_updates_index ... ok
test typed_unique_index_within_batch_conflict_rejected ... ok
test typed_index_update_fields_moves_index_key ... ok
test update_fields_merges_and_cas ... ok
test typed_unique_index_conflict_is_rejected ... ok
test upsert_inserts_then_replaces_pending ... ok
test ungated_items_are_unaffected_by_a_blocked_gate ... ok
test upsert_inserts_then_replaces_then_rejects ... ok
test terminal_cohort_retention_blocks_then_allows_group_reuse_with_new_id ... ok
test upsert_rejects_claimed_and_terminal ... ok
test whole_cohort_skips_an_incomplete_cohort ... ok
test upsert_preserves_group_delay_and_payload_in_claim_shape ... ok
test whole_cohort_oversized_is_batch_too_large ... ok
test whole_cohort_leases_a_complete_cohort ... ok
test whole_cohort_skips_when_a_member_is_not_eligible ... ok
test whole_cohort_ignores_non_cohort_group_members ... ok
test composed_log_projection::claim_with_explicit_eligibility_time ... ok
test reopen_restores_id_counter_and_state ... ok
test typed_index_reopen_preserves_rows ... ok

test result: ok. 170 passed; 0 failed; 0 ignored; 0 measured; 0 filtered out; finished in 0.82s

     Running tests/relational_reconnect.rs (target/llvm-cov-target/debug/deps/relational_reconnect-6887c565c0fa8677)

running 10 tests
test recovery_high_water_tracks_applied_position_after_reopen ... ok
test reconnect_preserves_terminal_and_pending_state ... ok
test retention_tombstone_survives_reopen ... ok
test reconnect_after_crash_preserves_committed_state ... ok
test truncate_then_recover_exact_state ... ok
test reopened_queue_accepts_new_push_and_claim ... ok
test leased_item_survives_reopen_but_loses_its_live_token ... ok
test open_upgrades_existing_relational_items_table_with_metadata_column ... ok
test reconnect_after_rejected_mutation_has_no_phantom_commit ... ok
test reconnect_preserves_leased_item_state ... ok

test result: ok. 10 passed; 0 failed; 0 ignored; 0 measured; 0 filtered out; finished in 0.48s

     Running tests/sqlite_projection_tests.rs (target/llvm-cov-target/debug/deps/sqlite_projection_tests-a08fdc34d725af97)

running 10 tests
test projection_rejects_replay_gaps ... ok
test hybrid_chaos_replay_overlap_skips_idempotent_prefix_and_applies_tail ... ok
test hybrid_projection_hydrates_from_sqlite_before_returning_high_water ... ok
test projection_replays_committed_push_claim_finalize ... ok
test apply_committed_batch_applies_segment_in_one_transaction ... ok
test hybrid_projection_poisoned_after_sqlite_commit_memory_apply_failure ... ok
test hybrid_chaos_secondary_index_and_metrics_match_sqlite_image ... ok
test hybrid_projection_applies_sqlite_first_and_serves_memory_parity ... ok
test sqlite_projection_image_exports_hydratable_recovery_image ... ok
test hybrid_chaos_sqlite_commit_before_memory_failure_poisons_and_recovers ... ok

test result: ok. 10 passed; 0 failed; 0 ignored; 0 measured; 0 filtered out; finished in 0.13s


    Finished report saved to /home/erik/.cache/ddx/exec-wt/.execute-bead-wt-pqueue-60472d3f-20260715T043214-936c36b0/target/coverage/pqueue-engine.lcov
pqueue-engine: lines 84.40% (6617/7840)
--- build-closure integrity ---
pqueue-131eadfa: live closure verified
=== release gate (SMOKE lane) PASSED ===
    Smoke evidence E2,E3 present + well-formed; coverage bars met.
    RELEASE-tier E0-E3 remains DEFERRED to pqueue-d3371502 (E0/E1),
    pqueue-f1d107de (E2), pqueue-2f9ebac3 (E3) — NOT claimed green here.
nightly gate passed
=== pr-gate [enforcing] PASSED ===
